[{"model": "sessions.session", "pk": "y39s5sje34owe2074tyxhll93xnjkcwm", "fields": {"session_data": "MDVhM2EzNGEyNjZkMThjODcyMmVlNjIxNDQ5NmM3OTdiM2VkMDhkYjp7Il9hdXRoX3VzZXJfaWQiOiIyNiIsIl9hdXRoX3VzZXJfYmFja2VuZCI6ImRqYW5nby5jb250cmliLmF1dGguYmFja2VuZHMuTW9kZWxCYWNrZW5kIiwiX2F1dGhfdXNlcl9oYXNoIjoiYWE0M2M4OWMyODExN2E1ODQzNGYzNzE1YzM2YzVkMDY3OGE4ZWZhMiJ9", "expire_date": "2020-03-25T10:37:02.442Z"}}, {"model": "authentication.user", "pk": 1, "fields": {"password": "pbkdf2_sha256$180000$zvM9FD8hc3Vi$zS8hzGdOie9h+3ElLvb4toxpRwQVaD/wMEgAf88ZDFI=", "last_login": null, "created_at": "2020-01-27T15:43:09.467Z", "updated_at": "2020-01-27T15:43:09.467Z", "is_deleted": false, "full_name": "Josh Moracha", "email": "jratcher@gmail.com", "phone": "0726406922", "company": 1, "is_verified": false, "is_active": true, "is_admin": false, "is_superuser": false, "is_staff": false, "is_director": false, "groups": [], "user_permissions": []}}, {"model": "authentication.user", "pk": 4, "fields": {"password": "pbkdf2_sha256$180000$HmxJDIqQk0jp$xDxzjqK6152MOJVHvQ0XJaCcS2xo5o/faoF/V/nqTow=", "last_login": null, "created_at": "2020-01-30T22:20:58.293Z", "updated_at": "2020-01-30T22:20:58.293Z", "is_deleted": false, "full_name": "Josh Moracha", "email": "jay@gmail.com", "phone": "+254726406900", "company": 1, "is_verified": false, "is_active": true, "is_admin": false, "is_superuser": false, "is_staff": false, "is_director": false, "groups": [], "user_permissions": []}}, {"model": "authentication.user", "pk": 5, "fields": {"password": "pbkdf2_sha256$180000$w1in7lITVGQb$y0ox6i3U7emLDWWYS+Ylnp3e6ZiigUQ7W1DTHZQStmc=", "last_login": null, "created_at": "2020-01-31T13:11:45.473Z", "updated_at": "2020-01-31T13:11:45.473Z", "is_deleted": false, "full_name": "Josh Moracha", "email": "keith@gmail.com", "phone": "+254726406960", "company": 1, "is_verified": false, "is_active": true, "is_admin": false, "is_superuser": false, "is_staff": false, "is_director": false, "groups": [], "user_permissions": []}}, {"model": "authentication.user", "pk": 7, "fields": {"password": "pbkdf2_sha256$180000$nXwE4rEmDNRh$eHtMb+Vrkn8iA9BvKBsqLOGM+Rag17yI7CsPdo6jp4c=", "last_login": null, "created_at": "2020-02-12T10:38:27.867Z", "updated_at": "2020-02-12T10:38:27.868Z", "is_deleted": false, "full_name": "Josh Moracha", "email": "dan@gmail.com", "phone": "+254726406260", "company": 2, "is_verified": false, "is_active": true, "is_admin": true, "is_superuser": false, "is_staff": false, "is_director": false, "groups": [], "user_permissions": []}}, {"model": "authentication.user", "pk": 9, "fields": {"password": "pbkdf2_sha256$180000$JdJf0u3NsMRz$Yhgj4q7JoVmbFV7gAjwfPZ2O9hNS+jc/pdFEEWvrlCk=", "last_login": null, "created_at": "2020-02-12T21:58:03.548Z", "updated_at": "2020-02-12T21:58:03.548Z", "is_deleted": false, "full_name": "Josh Moracha", "email": "ja@gmail.com", "phone": "+254726706260", "company": 2, "is_verified": true, "is_active": true, "is_admin": true, "is_superuser": false, "is_staff": true, "is_director": false, "groups": [], "user_permissions": []}}, {"model": "authentication.user", "pk": 13, "fields": {"password": "pbkdf2_sha256$180000$jlcNHNlYZG2T$eOhr8GgKHi/Ijqtq4oLZwesc68lakCTrnx20LQ761gE=", "last_login": null, "created_at": "2020-02-12T22:00:47.297Z", "updated_at": "2020-02-12T22:00:47.298Z", "is_deleted": false, "full_name": "Josh Moracha", "email": "jua@gmail.com", "phone": "+254726496260", "company": 2, "is_verified": true, "is_active": true, "is_admin": true, "is_superuser": false, "is_staff": true, "is_director": false, "groups": [], "user_permissions": []}}, {"model": "authentication.user", "pk": 15, "fields": {"password": "pbkdf2_sha256$180000$Wjg1QyEABBgo$4GmhB4I/3j68BbzMZxip3hg/kcPjO/bS6cSUiJz/3w0=", "last_login": null, "created_at": "2020-02-12T22:09:53.308Z", "updated_at": "2020-02-12T22:09:53.308Z", "is_deleted": false, "full_name": "Josh Moracha", "email": "me@gmail.com", "phone": "+254728496260", "company": 2, "is_verified": true, "is_active": true, "is_admin": false, "is_superuser": false, "is_staff": true, "is_director": false, "groups": [], "user_permissions": []}}, {"model": "authentication.user", "pk": 17, "fields": {"password": "pbkdf2_sha256$180000$GCmJ43t1MkvY$4WMXB8XpZJe/WPFX3HwPgQGepGohA4R7uszaynu9GVI=", "last_login": null, "created_at": "2020-02-12T22:15:29.085Z", "updated_at": "2020-02-12T22:15:29.085Z", "is_deleted": false, "full_name": "Josh Moracha", "email": "meg@gmail.com", "phone": "+254728496262", "company": 2, "is_verified": true, "is_active": true, "is_admin": false, "is_superuser": false, "is_staff": true, "is_director": false, "groups": [], "user_permissions": []}}, {"model": "authentication.user", "pk": 20, "fields": {"password": "pbkdf2_sha256$180000$urUy1ezTHr4Y$vhHs/BEWg0ZWKAEgMvc9GqDC3z5kK6bb7XR5D5v2YFo=", "last_login": null, "created_at": "2020-02-12T22:17:29.284Z", "updated_at": "2020-02-12T22:17:29.284Z", "is_deleted": false, "full_name": "Josh Moracha", "email": "met@gmail.com", "phone": "+254728491262", "company": 2, "is_verified": true, "is_active": true, "is_admin": false, "is_superuser": false, "is_staff": true, "is_director": false, "groups": [], "user_permissions": []}}, {"model": "authentication.user", "pk": 21, "fields": {"password": "pbkdf2_sha256$180000$emN6UHc7e0kv$YoeE3BzCU+V/8xUaTnOQ7WUwb2dk4rKrOwiJEZwWf3I=", "last_login": null, "created_at": "2020-02-13T07:54:56.917Z", "updated_at": "2020-02-13T07:54:56.917Z", "is_deleted": false, "full_name": "Josh Moracha", "email": "quantum@gmail.com", "phone": "+254726406940", "company": 3, "is_verified": false, "is_active": true, "is_admin": true, "is_superuser": false, "is_staff": false, "is_director": false, "groups": [], "user_permissions": []}}, {"model": "authentication.user", "pk": 23, "fields": {"password": "pbkdf2_sha256$180000$noTn1Vc9eDTM$/DG0Jl9yzFiLtJ75gQ1hRICaKhp+rZ+803tO9jaGJr4=", "last_login": null, "created_at": "2020-02-14T12:36:40.136Z", "updated_at": "2020-02-14T12:36:40.136Z", "is_deleted": false, "full_name": "Josh Moracha", "email": "softsearch@gmail.com", "phone": "+254726466940", "company": 4, "is_verified": false, "is_active": true, "is_admin": true, "is_superuser": false, "is_staff": false, "is_director": false, "groups": [], "user_permissions": []}}, {"model": "authentication.user", "pk": 25, "fields": {"password": "pbkdf2_sha256$180000$fIMC4wv46kTr$ltwe9E4qy4603Dz/nI6nT/RIuy0TcQt56lzX9we0Ui4=", "last_login": null, "created_at": "2020-02-14T12:42:47.895Z", "updated_at": "2020-02-14T12:42:47.895Z", "is_deleted": false, "full_name": "Josh Moracha", "email": "super@gmail.com", "phone": "+254728491272", "company": 4, "is_verified": true, "is_active": true, "is_admin": false, "is_superuser": false, "is_staff": true, "is_director": false, "groups": [], "user_permissions": []}}, {"model": "authentication.user", "pk": 26, "fields": {"password": "pbkdf2_sha256$180000$1eA3j4DeXrjN$ZZRIYcBhJ8b1pcztWy49wvOE5DdWy0a8H7NiXoJW+NY=", "last_login": "2020-03-11T10:37:02.437Z", "created_at": "2020-03-11T10:35:36.476Z", "updated_at": "2020-03-11T10:35:36.476Z", "is_deleted": false, "full_name": "superuser", "email": "superuser@gmail.com", "phone": "+254720123456", "company": 7, "is_verified": true, "is_active": true, "is_admin": false, "is_superuser": true, "is_staff": true, "is_director": false, "groups": [], "user_permissions": []}}, {"model": "authentication.user", "pk": 29, "fields": {"password": "pbkdf2_sha256$180000$jgujYv3Cxpwv$XcnfOgVym+Dx5dQaL7AazIh5B/yH1AFkN9LV0iY3lPc=", "last_login": null, "created_at": "2020-03-12T19:57:38.480Z", "updated_at": "2020-03-12T19:57:38.480Z", "is_deleted": false, "full_name": "Josh Moracha", "email": "ngumbaru@gmail.com", "phone": "+254726406945", "company": 44, "is_verified": false, "is_active": true, "is_admin": false, "is_superuser": false, "is_staff": true, "is_director": true, "groups": [], "user_permissions": []}}, {"model": "authentication.user", "pk": 32, "fields": {"password": "pbkdf2_sha256$180000$y3KimxZkmVZt$xYl09on8YOWp7xcHGEsdym9GsPuln4iW27+hnJy2bng=", "last_login": null, "created_at": "2020-03-12T20:03:01.282Z", "updated_at": "2020-03-12T20:03:01.282Z", "is_deleted": false, "full_name": "Josh Moracha", "email": "wacha@gmail.com", "phone": "+254726406948", "company": 44, "is_verified": false, "is_active": true, "is_admin": false, "is_superuser": false, "is_staff": true, "is_director": true, "groups": [], "user_permissions": []}}, {"model": "authentication.user", "pk": 34, "fields": {"password": "pbkdf2_sha256$180000$8Aytl097pPNV$x9RxqGvJ/8mh59T7C38ROSsqEc6hHZzq6epWJnB0qy8=", "last_login": null, "created_at": "2020-03-12T20:06:11.617Z", "updated_at": "2020-03-12T20:06:11.617Z", "is_deleted": false, "full_name": "Josh Moracha", "email": "wachagame@gmail.com", "phone": "+254726406942", "company": 44, "is_verified": false, "is_active": true, "is_admin": false, "is_superuser": false, "is_staff": true, "is_director": true, "groups": [], "user_permissions": []}}, {"model": "authentication.user", "pk": 36, "fields": {"password": "pbkdf2_sha256$180000$mNUIUMwfE8jC$d4PJMPa7rTWpUfjhlW0A50ZYIlTiP+WU+YE9ivU9SwA=", "last_login": null, "created_at": "2020-03-12T20:30:37.136Z", "updated_at": "2020-03-12T20:30:37.136Z", "is_deleted": false, "full_name": "Josh Moracha", "email": "creator@gmail.com", "phone": "+254726406952", "company": 49, "is_verified": false, "is_active": true, "is_admin": false, "is_superuser": false, "is_staff": true, "is_director": true, "groups": [], "user_permissions": []}}, {"model": "authentication.user", "pk": 37, "fields": {"password": "pbkdf2_sha256$180000$mPwPWNdbxZPn$4JWVNHPXK7W8SiI3n/tL/1mrvqxsNkwvspAopo8YEG4=", "last_login": null, "created_at": "2020-03-12T21:25:00.166Z", "updated_at": "2020-03-12T21:25:00.166Z", "is_deleted": false, "full_name": "Josh Moracha", "email": "mobile@gmail.com", "phone": "+254726406252", "company": 52, "is_verified": false, "is_active": true, "is_admin": false, "is_superuser": false, "is_staff": false, "is_director": false, "groups": [], "user_permissions": []}}, {"model": "authentication.user", "pk": 38, "fields": {"password": "pbkdf2_sha256$180000$x0DnxtbeLYGd$IJv2lKkeZLuYeY9C2HY3HJFrZIbzQ91c9GEqvVX26jA=", "last_login": null, "created_at": "2020-03-12T21:42:53.044Z", "updated_at": "2020-03-12T21:42:53.044Z", "is_deleted": false, "full_name": "Josh Moracha", "email": "crew@gmail.com", "phone": "+254726406202", "company": 56, "is_verified": false, "is_active": true, "is_admin": false, "is_superuser": false, "is_staff": true, "is_director": true, "groups": [], "user_permissions": []}}, {"model": "authentication.user", "pk": 41, "fields": {"password": "pbkdf2_sha256$180000$QOVE80aW3gj1$w/MfaQFyMNY1ySX7G1C00hTiYNROcGfhS5WgPwYDWu8=", "last_login": null, "created_at": "2020-03-13T12:04:01.132Z", "updated_at": "2020-03-13T12:04:01.132Z", "is_deleted": false, "full_name": "Josh Moracha", "email": "moracha@gmail.com", "phone": "+254726106952", "company": 62, "is_verified": false, "is_active": true, "is_admin": false, "is_superuser": false, "is_staff": true, "is_director": true, "groups": [], "user_permissions": []}}, {"model": "authentication.user", "pk": 42, "fields": {"password": "pbkdf2_sha256$180000$OOglyKDm1AAX$/5Tf/tLnqeahU3axDZSeKaS55RVPzuzkL20HWWA8wh8=", "last_login": null, "created_at": "2020-03-27T08:39:41.461Z", "updated_at": "2020-03-27T08:39:41.461Z", "is_deleted": false, "full_name": "Josh Moracha", "email": "vajevol846@smlmail.com", "phone": "+254721406952", "company": 64, "is_verified": false, "is_active": true, "is_admin": false, "is_superuser": false, "is_staff": true, "is_director": true, "groups": [], "user_permissions": []}}, {"model": "authentication.user", "pk": 45, "fields": {"password": "pbkdf2_sha256$180000$9vrLJe7FHoOf$hGMwGzX5erd+StzbRACClelT6116GBOz259q3TXPB3I=", "last_login": null, "created_at": "2020-03-27T08:47:15.334Z", "updated_at": "2020-03-27T08:47:15.334Z", "is_deleted": false, "full_name": "Josh Moracha", "email": "xasayok413@gotkmail.com", "phone": "+254721496952", "company": 69, "is_verified": false, "is_active": true, "is_admin": false, "is_superuser": false, "is_staff": true, "is_director": true, "groups": [], "user_permissions": []}}, {"model": "authentication.user", "pk": 47, "fields": {"password": "pbkdf2_sha256$180000$Nduo8a4VsVdc$NAdVraWuMWBZodZk4hO8Gh6CNHKhkmjIcwonoCue+Zc=", "last_login": null, "created_at": "2020-03-27T08:49:39.539Z", "updated_at": "2020-03-27T09:27:43.478Z", "is_deleted": false, "full_name": "Josh Moracha", "email": "pehab87488@wwrmails.com", "phone": "+254721969221", "company": 76, "is_verified": true, "is_active": true, "is_admin": false, "is_superuser": false, "is_staff": true, "is_director": true, "groups": [], "user_permissions": []}}, {"model": "authentication.user", "pk": 49, "fields": {"password": "pbkdf2_sha256$180000$4Lp7W58kBDCA$2m1FyKVjSj9XokNgvWh74kzxHDVpTSQMpCErXLwXsZ8=", "last_login": null, "created_at": "2020-03-27T09:40:39.489Z", "updated_at": "2020-03-27T09:40:39.489Z", "is_deleted": false, "full_name": "Josh Moracha", "email": "alice.cashtyn@aallaa.org", "phone": "+254721962221", "company": 80, "is_verified": false, "is_active": true, "is_admin": false, "is_superuser": false, "is_staff": false, "is_director": false, "groups": [], "user_permissions": []}}, {"model": "authentication.user", "pk": 50, "fields": {"password": "pbkdf2_sha256$180000$edp9089tQRwM$GWxwz/sN3HBHibq/YOuCzNfCSo0xow/dfnzd6vbf37M=", "last_login": null, "created_at": "2020-03-27T11:15:53.004Z", "updated_at": "2020-03-27T11:17:09.844Z", "is_deleted": false, "full_name": "Josh Moracha", "email": "pahoto3139@fft-mail.com", "phone": "+254721962241", "company": 81, "is_verified": true, "is_active": true, "is_admin": false, "is_superuser": false, "is_staff": false, "is_director": false, "groups": [], "user_permissions": []}}, {"model": "authentication.user", "pk": 51, "fields": {"password": "pbkdf2_sha256$180000$HpW6TohRYrQg$WOX91B6It7yvJ65PGx1Y59Go/jDy9Vwz5CLdlbybWUA=", "last_login": null, "created_at": "2020-04-02T14:43:22.798Z", "updated_at": "2020-04-02T14:43:22.798Z", "is_deleted": false, "full_name": "Josh Moracha", "email": "fhf@wwrmails.com", "phone": "+254729969221", "company": 82, "is_verified": false, "is_active": true, "is_admin": false, "is_superuser": false, "is_staff": false, "is_director": false, "groups": [], "user_permissions": []}}, {"model": "authentication.user", "pk": 53, "fields": {"password": "pbkdf2_sha256$180000$42XEAdaaFIK7$HHNwAIO7ub1NeU2Api8VlHYJH53O96AtaXc+nWX/Y5Y=", "last_login": null, "created_at": "2020-04-03T07:45:28.368Z", "updated_at": "2020-04-03T07:45:28.368Z", "is_deleted": false, "full_name": "Josh Moracha", "email": "kwamby@gmail.com", "phone": "+254629969221", "company": 85, "is_verified": false, "is_active": true, "is_admin": false, "is_superuser": false, "is_staff": false, "is_director": false, "groups": [], "user_permissions": []}}, {"model": "authentication.user", "pk": 55, "fields": {"password": "pbkdf2_sha256$180000$PP6W9fjUtuDC$StYmF8+NbMjURx+6WyHnEtdweDKc3TshdH7xuF0acwA=", "last_login": null, "created_at": "2020-04-03T08:00:49.065Z", "updated_at": "2020-04-03T08:00:49.065Z", "is_deleted": false, "full_name": "moracha", "email": "j@k.com", "phone": "+254726408922", "company": 88, "is_verified": true, "is_active": true, "is_admin": false, "is_superuser": true, "is_staff": true, "is_director": true, "groups": [], "user_permissions": []}}, {"model": "authentication.user", "pk": 57, "fields": {"password": "pbkdf2_sha256$180000$kFdAZoDkr6yG$7jvemH+HnKGXoNnCY4sfr4AIbeOEWpXXuP7JBTssB8I=", "last_login": null, "created_at": "2020-04-03T08:05:56.850Z", "updated_at": "2020-04-03T08:05:56.850Z", "is_deleted": false, "full_name": "Josh Moracha", "email": "pahoto313@fft-mail.com", "phone": "+254629169221", "company": 90, "is_verified": false, "is_active": true, "is_admin": false, "is_superuser": false, "is_staff": false, "is_director": false, "groups": [], "user_permissions": []}}, {"model": "authentication.user", "pk": 58, "fields": {"password": "pbkdf2_sha256$180000$3D8BIyI0ZTNB$RB7gv0m/gjMROw5fA8QJy7l8+gmGp8evbh10fLOXFoM=", "last_login": null, "created_at": "2020-04-03T08:06:42.305Z", "updated_at": "2020-04-03T08:06:42.305Z", "is_deleted": false, "full_name": "Josh Moracha", "email": "nifalo8537@smlmail.com", "phone": "+254629169223", "company": 91, "is_verified": false, "is_active": true, "is_admin": false, "is_superuser": false, "is_staff": false, "is_director": false, "groups": [], "user_permissions": []}}, {"model": "authentication.user", "pk": 59, "fields": {"password": "pbkdf2_sha256$180000$0A2iTtmPN8J0$FavZm4LwucrYXhYY/lDFgQ9uZwnq0Fx0vuZrNNfFWTQ=", "last_login": null, "created_at": "2020-04-03T08:26:18.140Z", "updated_at": "2020-04-03T08:26:18.140Z", "is_deleted": false, "full_name": "Josh Moracha", "email": "nifalod8537@smlmail.com", "phone": "+254619169223", "company": 92, "is_verified": false, "is_active": true, "is_admin": false, "is_superuser": false, "is_staff": false, "is_director": false, "groups": [], "user_permissions": []}}, {"model": "authentication.user", "pk": 60, "fields": {"password": "pbkdf2_sha256$180000$i5l4RuIS81E1$zfbz1UCgSCJ7yytJdtqvGeFl5d8iKIaHz1GBEvlvg8Y=", "last_login": null, "created_at": "2020-04-03T08:26:53.032Z", "updated_at": "2020-04-03T08:26:53.032Z", "is_deleted": false, "full_name": "Josh Moracha", "email": "nifad8537@smlmail.com", "phone": "+254619769223", "company": 93, "is_verified": false, "is_active": true, "is_admin": false, "is_superuser": false, "is_staff": false, "is_director": false, "groups": [], "user_permissions": []}}, {"model": "authentication.user", "pk": 62, "fields": {"password": "pbkdf2_sha256$180000$dEEw7Eonud7v$trossQKIHXqrpb429SlkQbqtgNUbsZ1ZJ90bS+2G2KU=", "last_login": null, "created_at": "2020-04-03T08:44:31.511Z", "updated_at": "2020-04-03T08:44:31.511Z", "is_deleted": false, "full_name": "Josh Moracha", "email": "nid837@smlmail.com", "phone": "+254019769223", "company": 95, "is_verified": false, "is_active": true, "is_admin": false, "is_superuser": false, "is_staff": false, "is_director": false, "groups": [], "user_permissions": []}}, {"model": "authentication.user", "pk": 63, "fields": {"password": "pbkdf2_sha256$180000$vCZE8Ormoglk$N0kSezHHMl1FG3sqDaG+WaRoDxCVJUyHHUBFFRWWg+A=", "last_login": null, "created_at": "2020-04-03T08:46:13.105Z", "updated_at": "2020-04-03T08:46:13.105Z", "is_deleted": false, "full_name": "Josh Moracha", "email": "nd837@smlmail.com", "phone": "+254019769224", "company": 96, "is_verified": false, "is_active": true, "is_admin": false, "is_superuser": false, "is_staff": false, "is_director": false, "groups": [], "user_permissions": []}}, {"model": "authentication.user", "pk": 64, "fields": {"password": "pbkdf2_sha256$180000$XbshMy59r5qj$d6GWkX822NskuYKDBzM0u5bVudJ8EAjbjjA8jaExB4w=", "last_login": null, "created_at": "2020-04-06T07:28:33.096Z", "updated_at": "2020-04-06T07:28:33.096Z", "is_deleted": false, "full_name": "Josh Moracha", "email": "pe87488@wwrmails.com", "phone": "+254721969921", "company": 97, "is_verified": false, "is_active": true, "is_admin": false, "is_superuser": false, "is_staff": false, "is_director": false, "groups": [], "user_permissions": []}}, {"model": "authentication.user", "pk": 65, "fields": {"password": "pbkdf2_sha256$180000$D4m9I46yvxbE$GeT0xdI621w7yQ3ghVS8kUygxf5L9JlDB+3mHI66lK0=", "last_login": null, "created_at": "2020-04-06T07:29:21.215Z", "updated_at": "2020-04-06T07:29:21.215Z", "is_deleted": false, "full_name": "Josh Moracha", "email": "pe8748@wrmails.com", "phone": "+254721969928", "company": 98, "is_verified": false, "is_active": true, "is_admin": false, "is_superuser": false, "is_staff": false, "is_director": false, "groups": [], "user_permissions": []}}, {"model": "authentication.addstaffmodel", "pk": 1, "fields": {"email": "jay@gmail.com", "token": "b'eyJ0eXAiOiJKV1QiLCJhbGciOiJIUzI1NiJ9.eyJlbWFpbCI6ImpheUBnbWFpbC5jb20iLCJjb21wYW55IjoiTW9yYWNoYSJ9.lUqrJkb1hlYI9Sfjcu7H2qqlm4cHpVM4xpwHzUhfbCM'"}}, {"model": "authentication.addstaffmodel", "pk": 2, "fields": {"email": "ja@gmail.com", "token": "b'eyJ0eXAiOiJKV1QiLCJhbGciOiJIUzI1NiJ9.eyJlbWFpbCI6ImphQGdtYWlsLmNvbSIsImNvbXBhbnkiOiJNb3JhY2hhIn0.niYvdeN_J6WEA0gnw5AYZLgTmRAF5OnNgFvd4FdHE8U'"}}, {"model": "authentication.addstaffmodel", "pk": 4, "fields": {"email": "ja@gmail.com", "token": "b'eyJ0eXAiOiJKV1QiLCJhbGciOiJIUzI1NiJ9.eyJlbWFpbCI6ImphQGdtYWlsLmNvbSIsImNvbXBhbnkiOiJNb3JhY2hhIiwiZGF0ZSI6IjAyLzEyLzIwMjAsIDEwOjU5OjUxIn0.X5Q9a_HVYcTvC1CDaCZbMA0QV9vMjmgyDtr_IXjIfrg'"}}, {"model": "authentication.addstaffmodel", "pk": 5, "fields": {"email": "ja@gmail.com", "token": "b'eyJ0eXAiOiJKV1QiLCJhbGciOiJIUzI1NiJ9.eyJlbWFpbCI6ImphQGdtYWlsLmNvbSIsImNvbXBhbnkiOiJNb3JhY2hhIiwiZGF0ZSI6IjAyLzEyLzIwMjAsIDExOjUwOjM3In0.YrRcc3kqNZJ8f8QkpZnO3nDLP2ZzC8ae27qXeWoVpI4'"}}, {"model": "authentication.addstaffmodel", "pk": 6, "fields": {"email": "ja@gmail.com", "token": "b'eyJ0eXAiOiJKV1QiLCJhbGciOiJIUzI1NiJ9.eyJlbWFpbCI6ImphQGdtYWlsLmNvbSIsImNvbXBhbnkiOiJNb3JhY2hhIiwiZGF0ZSI6IjAyLzEyLzIwMjAsIDExOjUyOjI1In0.GvVVafdb-TBDxB4UJ-20C3cHPcOM_fwGeI8hvIp2axM'"}}, {"model": "authentication.addstaffmodel", "pk": 7, "fields": {"email": "ja@gmail.com", "token": "b'eyJ0eXAiOiJKV1QiLCJhbGciOiJIUzI1NiJ9.eyJlbWFpbCI6ImphQGdtYWlsLmNvbSIsImNvbXBhbnkiOiJNb3JhY2hhIiwiZGF0ZSI6IjAyLzEyLzIwMjAsIDExOjUzOjM0In0.F-hRkSqDOx80HQJ-Pl4Uk0xX1z0HPxzGXo48-sFagto'"}}, {"model": "authentication.addstaffmodel", "pk": 8, "fields": {"email": "ja@gmail.com", "token": "b'eyJ0eXAiOiJKV1QiLCJhbGciOiJIUzI1NiJ9.eyJlbWFpbCI6ImphQGdtYWlsLmNvbSIsImNvbXBhbnkiOiJNb3JhY2hhIiwiZGF0ZSI6IjAyLzEyLzIwMjAsIDExOjU0OjAzIn0.RL61r91lX1EGIt21Zarf7EGuTK4cDWpO1vzJx64-2t0'"}}, {"model": "authentication.addstaffmodel", "pk": 9, "fields": {"email": "ja@gmail.com", "token": "b'eyJ0eXAiOiJKV1QiLCJhbGciOiJIUzI1NiJ9.eyJlbWFpbCI6ImphQGdtYWlsLmNvbSIsImNvbXBhbnkiOiJNb3JhY2hhIiwiZGF0ZSI6IjAyLzEyLzIwMjAsIDExOjU0OjI4In0.Jn3Yivs3yRK_Hd7FB3nN8RurGWpbLYNZ-unwxSqevSU'"}}, {"model": "authentication.addstaffmodel", "pk": 10, "fields": {"email": "ja@gmail.com", "token": "b'eyJ0eXAiOiJKV1QiLCJhbGciOiJIUzI1NiJ9.eyJlbWFpbCI6ImphQGdtYWlsLmNvbSIsImNvbXBhbnkiOiJNb3JhY2hhIiwiZGF0ZSI6IjAyLzEyLzIwMjAsIDExOjU2OjAwIn0.AbOyi_lcrqjJfZ_ai3OZzUFQOONUQYsVNrtvl8jHwJw'"}}, {"model": "authentication.addstaffmodel", "pk": 11, "fields": {"email": "ja@gmail.com", "token": "b'eyJ0eXAiOiJKV1QiLCJhbGciOiJIUzI1NiJ9.eyJlbWFpbCI6ImphQGdtYWlsLmNvbSIsImNvbXBhbnkiOiJNb3JhY2hhIiwiZGF0ZSI6IjAyLzEyLzIwMjAsIDEyOjA0OjA3In0.QISFHcAzzj4kv53mchcrQBKWMymV550wQLm2A_QPMYo'"}}, {"model": "authentication.addstaffmodel", "pk": 12, "fields": {"email": "ja@gmail.com", "token": "b'eyJ0eXAiOiJKV1QiLCJhbGciOiJIUzI1NiJ9.eyJlbWFpbCI6ImphQGdtYWlsLmNvbSIsImNvbXBhbnkiOiJNb3JhY2hhIiwiZGF0ZSI6IjAyLzEyLzIwMjAsIDEyOjEzOjAwIn0.4vklq0sVe36gdtt_gl4jGmE12UIMWO3I9cpr6tChltE'"}}, {"model": "authentication.addstaffmodel", "pk": 13, "fields": {"email": "ja@gmail.com", "token": "b'eyJ0eXAiOiJKV1QiLCJhbGciOiJIUzI1NiJ9.eyJlbWFpbCI6ImphQGdtYWlsLmNvbSIsImNvbXBhbnkiOiJNb3JhY2hhIiwiZGF0ZSI6IjAyLzEyLzIwMjAsIDE3OjQ2OjM2In0.HuVsHar6AcGAyfqdP0Avka2uUAZbRq1RkoPtiXl7E18'"}}, {"model": "authentication.addstaffmodel", "pk": 14, "fields": {"email": "ja@gmail.com", "token": "b'eyJ0eXAiOiJKV1QiLCJhbGciOiJIUzI1NiJ9.eyJlbWFpbCI6ImphQGdtYWlsLmNvbSIsImNvbXBhbnkiOiJNb3JhY2hhIiwiZGF0ZSI6IjAyLzEyLzIwMjAsIDE3OjUwOjU5In0.hzpvFt3zrXtfYlQSGxYVrhKpucK3y1furybjDKTcslY'"}}, {"model": "authentication.addstaffmodel", "pk": 15, "fields": {"email": "ja@gmail.com", "token": "b'eyJ0eXAiOiJKV1QiLCJhbGciOiJIUzI1NiJ9.eyJlbWFpbCI6ImphQGdtYWlsLmNvbSIsImNvbXBhbnkiOiJNb3JhY2hhIiwiZGF0ZSI6IjAyLzEyLzIwMjAsIDE4OjU1OjIyIn0.aCNQCiChEnDLTaRyYzhHS_hSC-9E0bQ11SwWeJoalYM'"}}, {"model": "authentication.addstaffmodel", "pk": 16, "fields": {"email": "jua@gmail.com", "token": "b'eyJ0eXAiOiJKV1QiLCJhbGciOiJIUzI1NiJ9.eyJlbWFpbCI6Imp1YUBnbWFpbC5jb20iLCJjb21wYW55IjoiTW9yYWNoYSIsImRhdGUiOiIwMi8xMi8yMDIwLCAyMjowMDowMSJ9.E-_cDxsHez3_69gr0SP-mGi1p56IXjEzhgqCCC0ApYg'"}}, {"model": "authentication.addstaffmodel", "pk": 17, "fields": {"email": "me@gmail.com", "token": "b'eyJ0eXAiOiJKV1QiLCJhbGciOiJIUzI1NiJ9.eyJlbWFpbCI6Im1lQGdtYWlsLmNvbSIsImNvbXBhbnkiOiJNb3JhY2hhIiwiZGF0ZSI6IjAyLzEyLzIwMjAsIDIyOjAzOjM3In0.I_GslAMNWTIpbAMAV0tFSFTlGy9pZxQgwwXsq7RdOP8'"}}, {"model": "authentication.addstaffmodel", "pk": 18, "fields": {"email": "meg@gmail.com", "token": "b'eyJ0eXAiOiJKV1QiLCJhbGciOiJIUzI1NiJ9.eyJlbWFpbCI6Im1lZ0BnbWFpbC5jb20iLCJjb21wYW55IjoiTW9yYWNoYSIsImRhdGUiOiIwMi8xMi8yMDIwLCAyMjoxNDo1NiJ9.wcaWFUnv1G7k-Fc5K3G2WxFSDRswxuZw_aOo9USGIu4'"}}, {"model": "authentication.addstaffmodel", "pk": 19, "fields": {"email": "meg@gmail.com", "token": "b'eyJ0eXAiOiJKV1QiLCJhbGciOiJIUzI1NiJ9.eyJlbWFpbCI6Im1lZ0BnbWFpbC5jb20iLCJjb21wYW55IjoiTW9yYWNoYSIsImRhdGUiOiIwMi8xMi8yMDIwLCAyMjoxNjoyOCJ9.2H9o9iSQFHjaLC9HWXiwPZTYm8U3rjW6n7PxB7KN-7M'"}}, {"model": "authentication.addstaffmodel", "pk": 20, "fields": {"email": "met@gmail.com", "token": "b'eyJ0eXAiOiJKV1QiLCJhbGciOiJIUzI1NiJ9.eyJlbWFpbCI6Im1ldEBnbWFpbC5jb20iLCJjb21wYW55IjoiTW9yYWNoYSIsImRhdGUiOiIwMi8xMi8yMDIwLCAyMjoxNjo0MSJ9.BXKgQWjjz1ykVVFJ1KCAf5MFTek9rlNt8LmKn4ZZ4II'"}}, {"model": "authentication.addstaffmodel", "pk": 21, "fields": {"email": "super@gmail.com", "token": "b'eyJ0eXAiOiJKV1QiLCJhbGciOiJIUzI1NiJ9.eyJlbWFpbCI6InN1cGVyQGdtYWlsLmNvbSIsImNvbXBhbnkiOiJTYWYiLCJkYXRlIjoiMDIvMTQvMjAyMCwgMTI6Mzg6MjkifQ.ou2B8e6oN0_6nhOcl6vVe4V5U7D9p18hAUMevxxxteE'"}}, {"model": "authentication.company", "pk": 1, "fields": {"name": "Pretty", "sms_count": 5, "email_count": 5, "county": "Nairobi", "is_reseller": false, "parent": null}}, {"model": "authentication.company", "pk": 2, "fields": {"name": "Moracha", "sms_count": 5, "email_count": 5, "county": "Nairobi", "is_reseller": false, "parent": null}}, {"model": "authentication.company", "pk": 3, "fields": {"name": "Crew", "sms_count": 5, "email_count": 5, "county": "Nairobi", "is_reseller": false, "parent": null}}, {"model": "authentication.company", "pk": 4, "fields": {"name": "Saf", "sms_count": 0, "email_count": 0, "county": "Nairobi", "is_reseller": false, "parent": null}}, {"model": "authentication.company", "pk": 7, "fields": {"name": "superuser", "sms_count": 5, "email_count": 5, "county": "Nairobi", "is_reseller": false, "parent": null}}, {"model": "authentication.company", "pk": 44, "fields": {"name": "Ngumbaru", "sms_count": 5, "email_count": 5, "county": "Nairobi", "is_reseller": true, "parent": null}}, {"model": "authentication.company", "pk": 48, "fields": {"name": "Jaymo", "sms_count": 5, "email_count": 5, "county": "Nairobi", "is_reseller": true, "parent": null}}, {"model": "authentication.company", "pk": 49, "fields": {"name": "creator", "sms_count": 5, "email_count": 5, "county": "Nairobi", "is_reseller": true, "parent": null}}, {"model": "authentication.company", "pk": 52, "fields": {"name": "mobile", "sms_count": 5, "email_count": 5, "county": "Nairobi", "is_reseller": false, "parent": null}}, {"model": "authentication.company", "pk": 54, "fields": {"name": "crew", "sms_count": 5, "email_count": 5, "county": "Nairobi", "is_reseller": false, "parent": null}}, {"model": "authentication.company", "pk": 56, "fields": {"name": "Creator", "sms_count": 5, "email_count": 5, "county": "Nairobi", "is_reseller": false, "parent": 49}}, {"model": "authentication.company", "pk": 60, "fields": {"name": "jambosms", "sms_count": 5, "email_count": 5, "county": "Nairobi", "is_reseller": false, "parent": 49}}, {"model": "authentication.company", "pk": 62, "fields": {"name": "jambo", "sms_count": 5, "email_count": 5, "county": "Nairobi", "is_reseller": false, "parent": 49}}, {"model": "authentication.company", "pk": 64, "fields": {"name": "yoo", "sms_count": 5, "email_count": 5, "county": "Nairobi", "is_reseller": true, "parent": null}}, {"model": "authentication.company", "pk": 66, "fields": {"name": "yooo", "sms_count": 5, "email_count": 5, "county": "Nairobi", "is_reseller": true, "parent": null}}, {"model": "authentication.company", "pk": 68, "fields": {"name": "yoco", "sms_count": 5, "email_count": 5, "county": "Nairobi", "is_reseller": true, "parent": null}}, {"model": "authentication.company", "pk": 69, "fields": {"name": "yocozuma", "sms_count": 5, "email_count": 5, "county": "Nairobi", "is_reseller": true, "parent": null}}, {"model": "authentication.company", "pk": 70, "fields": {"name": "yocozumaa", "sms_count": 5, "email_count": 5, "county": "Nairobi", "is_reseller": true, "parent": null}}, {"model": "authentication.company", "pk": 71, "fields": {"name": "yocozuumaa", "sms_count": 5, "email_count": 5, "county": "Nairobi", "is_reseller": true, "parent": null}}, {"model": "authentication.company", "pk": 73, "fields": {"name": "yocoumaa", "sms_count": 5, "email_count": 5, "county": "Nairobi", "is_reseller": true, "parent": null}}, {"model": "authentication.company", "pk": 75, "fields": {"name": "yooumaa", "sms_count": 5, "email_count": 5, "county": "Nairobi", "is_reseller": true, "parent": null}}, {"model": "authentication.company", "pk": 76, "fields": {"name": "yumaa", "sms_count": 5, "email_count": 5, "county": "Nairobi", "is_reseller": true, "parent": null}}, {"model": "authentication.company", "pk": 78, "fields": {"name": "yooooo", "sms_count": 5, "email_count": 5, "county": "Nairobi", "is_reseller": false, "parent": null}}, {"model": "authentication.company", "pk": 80, "fields": {"name": "yokoooo", "sms_count": 5, "email_count": 5, "county": "Nairobi", "is_reseller": false, "parent": null}}, {"model": "authentication.company", "pk": 81, "fields": {"name": "leo", "sms_count": 5, "email_count": 5, "county": "Nairobi", "is_reseller": false, "parent": null}}, {"model": "authentication.company", "pk": 82, "fields": {"name": "yumaaa", "sms_count": 5, "email_count": 5, "county": "Nairobi", "is_reseller": false, "parent": null}}, {"model": "authentication.company", "pk": 84, "fields": {"name": "k", "sms_count": 5, "email_count": 5, "county": "Nairobi", "is_reseller": false, "parent": null}}, {"model": "authentication.company", "pk": 85, "fields": {"name": "ko", "sms_count": 5, "email_count": 5, "county": "Nairobi", "is_reseller": false, "parent": null}}, {"model": "authentication.company", "pk": 86, "fields": {"name": "koma", "sms_count": 5, "email_count": 5, "county": "Nairobi", "is_reseller": false, "parent": null}}, {"model": "authentication.company", "pk": 87, "fields": {"name": "Garcia", "sms_count": 5, "email_count": 5, "county": "Nairobi", "is_reseller": false, "parent": null}}, {"model": "authentication.company", "pk": 88, "fields": {"name": "Stanley", "sms_count": 5, "email_count": 5, "county": "Nairobi", "is_reseller": false, "parent": null}}, {"model": "authentication.company", "pk": 89, "fields": {"name": "komad", "sms_count": 5, "email_count": 5, "county": "Nairobi", "is_reseller": false, "parent": null}}, {"model": "authentication.company", "pk": 90, "fields": {"name": "komadi", "sms_count": 5, "email_count": 5, "county": "Nairobi", "is_reseller": false, "parent": null}}, {"model": "authentication.company", "pk": 91, "fields": {"name": "komadin", "sms_count": 5, "email_count": 5, "county": "Nairobi", "is_reseller": false, "parent": null}}, {"model": "authentication.company", "pk": 92, "fields": {"name": "changed", "sms_count": 5, "email_count": 5, "county": "Nairobi", "is_reseller": false, "parent": null}}, {"model": "authentication.company", "pk": 93, "fields": {"name": "changede", "sms_count": 5, "email_count": 5, "county": "Nairobi", "is_reseller": false, "parent": null}}, {"model": "authentication.company", "pk": 94, "fields": {"name": "cqhangede", "sms_count": 5, "email_count": 5, "county": "Nairobi", "is_reseller": false, "parent": null}}, {"model": "authentication.company", "pk": 95, "fields": {"name": "cqh", "sms_count": 5, "email_count": 5, "county": "Nairobi", "is_reseller": false, "parent": null}}, {"model": "authentication.company", "pk": 96, "fields": {"name": "cqoh", "sms_count": 5, "email_count": 5, "county": "Nairobi", "is_reseller": false, "parent": null}}, {"model": "authentication.company", "pk": 97, "fields": {"name": "yuzmaa", "sms_count": 5, "email_count": 5, "county": "Nairobi", "is_reseller": false, "parent": null}}, {"model": "authentication.company", "pk": 98, "fields": {"name": "yuzumaa", "sms_count": 5, "email_count": 5, "county": "Nairobi", "is_reseller": false, "parent": null}}, {"model": "sms.smsrequest", "pk": 1, "fields": {"created_at": "2020-01-30T06:35:41.960Z", "updated_at": "2020-01-30T11:34:49.420Z", "is_deleted": true, "company": 1, "message": "Blah blah", "recepients": "[\"+254726406922\"]", "sms_count": 0, "groups": []}}, {"model": "sms.smsrequest", "pk": 2, "fields": {"created_at": "2020-01-30T06:36:27.374Z", "updated_at": "2020-01-30T06:36:27.374Z", "is_deleted": false, "company": 1, "message": "Blah blah", "recepients": "[\"+254726406922\"]", "sms_count": 0, "groups": []}}, {"model": "sms.smsrequest", "pk": 3, "fields": {"created_at": "2020-01-30T06:36:33.364Z", "updated_at": "2020-01-30T21:29:24.647Z", "is_deleted": true, "company": 1, "message": "Blah blah", "recepients": "[\"+254726406922\"]", "sms_count": 0, "groups": []}}, {"model": "sms.smsrequest", "pk": 4, "fields": {"created_at": "2020-01-30T06:37:05.580Z", "updated_at": "2020-01-30T22:04:33.679Z", "is_deleted": true, "company": 1, "message": "Blah blah", "recepients": "[\"+254726406922\"]", "sms_count": 0, "groups": []}}, {"model": "sms.smsrequest", "pk": 5, "fields": {"created_at": "2020-01-30T10:44:33.761Z", "updated_at": "2020-01-30T21:07:08.993Z", "is_deleted": true, "company": 1, "message": "Blah blah", "recepients": "[\"+254726406922\"]", "sms_count": 0, "groups": []}}, {"model": "sms.smsrequest", "pk": 6, "fields": {"created_at": "2020-01-30T22:06:07.072Z", "updated_at": "2020-01-30T22:06:07.072Z", "is_deleted": false, "company": 1, "message": "Blah blah", "recepients": "[\"+254726406922\"]", "sms_count": 0, "groups": []}}, {"model": "sms.smsrequest", "pk": 7, "fields": {"created_at": "2020-01-30T22:06:41.059Z", "updated_at": "2020-01-30T22:06:41.059Z", "is_deleted": false, "company": 1, "message": "Blah blah", "recepients": "[\"+254726406922\"]", "sms_count": 0, "groups": []}}, {"model": "sms.smsrequest", "pk": 8, "fields": {"created_at": "2020-01-30T22:07:56.175Z", "updated_at": "2020-01-30T22:07:56.175Z", "is_deleted": false, "company": 1, "message": "Blah blah", "recepients": "[\"+254726406922\"]", "sms_count": 0, "groups": []}}, {"model": "sms.smsrequest", "pk": 9, "fields": {"created_at": "2020-01-30T22:22:06.708Z", "updated_at": "2020-01-30T22:22:06.708Z", "is_deleted": false, "company": 1, "message": "Blah blah", "recepients": "[\"+254726406922\"]", "sms_count": 0, "groups": []}}, {"model": "sms.smsrequest", "pk": 10, "fields": {"created_at": "2020-01-31T11:15:56.638Z", "updated_at": "2020-01-31T11:15:56.638Z", "is_deleted": false, "company": 1, "message": "Blah blah", "recepients": "[\"+254726406922\"]", "sms_count": 0, "groups": []}}, {"model": "sms.smsrequest", "pk": 11, "fields": {"created_at": "2020-01-31T12:54:45.541Z", "updated_at": "2020-01-31T12:54:45.541Z", "is_deleted": false, "company": 1, "message": "Blah blah", "recepients": "[\"+254726406922\"]", "sms_count": 0, "groups": []}}, {"model": "sms.smsrequest", "pk": 12, "fields": {"created_at": "2020-01-31T13:03:05.864Z", "updated_at": "2020-01-31T13:03:05.864Z", "is_deleted": false, "company": 1, "message": "Blah blah", "recepients": "[\"+254726406922\"]", "sms_count": 0, "groups": []}}, {"model": "sms.smsrequest", "pk": 13, "fields": {"created_at": "2020-01-31T13:04:11.706Z", "updated_at": "2020-01-31T13:04:11.706Z", "is_deleted": false, "company": 1, "message": "Blah blah", "recepients": "[\"+254726406922\"]", "sms_count": 0, "groups": []}}, {"model": "sms.smsrequest", "pk": 14, "fields": {"created_at": "2020-01-31T13:05:52.136Z", "updated_at": "2020-01-31T13:05:52.136Z", "is_deleted": false, "company": 1, "message": "Blah blah", "recepients": "[\"+254726406922\", \"+254717445860\"]", "sms_count": 0, "groups": []}}, {"model": "sms.smsrequest", "pk": 15, "fields": {"created_at": "2020-01-31T13:16:16.998Z", "updated_at": "2020-01-31T13:16:16.999Z", "is_deleted": false, "company": 1, "message": "Blah blah", "recepients": "[\"+254726406922\", \"+254717445860\", \"+254717445860\"]", "sms_count": 0, "groups": []}}, {"model": "sms.smsrequest", "pk": 16, "fields": {"created_at": "2020-02-03T12:19:39.964Z", "updated_at": "2020-02-03T12:19:39.964Z", "is_deleted": false, "company": 1, "message": "Blah blah", "recepients": "[\"+254726406922\", \"+254717445860\", \"+254717445860\"]", "sms_count": 0, "groups": []}}, {"model": "sms.smsrequest", "pk": 17, "fields": {"created_at": "2020-02-03T12:22:32.357Z", "updated_at": "2020-02-03T12:22:32.357Z", "is_deleted": false, "company": 1, "message": "Blah blah", "recepients": "[\"+254726406922\", \"+254717445860\", \"+254717445860\"]", "sms_count": 0, "groups": []}}, {"model": "sms.smsrequest", "pk": 18, "fields": {"created_at": "2020-02-03T12:23:14.719Z", "updated_at": "2020-02-03T12:23:14.719Z", "is_deleted": false, "company": 1, "message": "Blah blah", "recepients": "[\"+254726406922\", \"+254717445860\", \"+254717445860\"]", "sms_count": 0, "groups": []}}, {"model": "sms.smsrequest", "pk": 19, "fields": {"created_at": "2020-02-03T12:38:14.246Z", "updated_at": "2020-02-03T12:38:14.247Z", "is_deleted": false, "company": 1, "message": "Blah blah", "recepients": "[\"+254726406922\", \"+254717445860\", \"+254717445860\"]", "sms_count": 0, "groups": []}}, {"model": "sms.smsrequest", "pk": 20, "fields": {"created_at": "2020-02-03T12:40:45.733Z", "updated_at": "2020-02-03T12:40:45.733Z", "is_deleted": false, "company": 1, "message": "Blah blah", "recepients": "[\"+254726406922\", \"+254717445860\", \"+254717445860\"]", "sms_count": 0, "groups": []}}, {"model": "sms.smsrequest", "pk": 22, "fields": {"created_at": "2020-02-10T10:14:16.894Z", "updated_at": "2020-02-10T10:14:16.894Z", "is_deleted": false, "company": 1, "message": "Blah blah", "recepients": null, "sms_count": 0, "groups": []}}, {"model": "sms.smsrequest", "pk": 23, "fields": {"created_at": "2020-02-10T10:17:37.407Z", "updated_at": "2020-02-10T10:17:37.407Z", "is_deleted": false, "company": 1, "message": "Blah blah", "recepients": null, "sms_count": 0, "groups": []}}, {"model": "sms.smsrequest", "pk": 24, "fields": {"created_at": "2020-02-10T10:18:06.696Z", "updated_at": "2020-02-10T10:18:06.696Z", "is_deleted": false, "company": 1, "message": "Blah blah", "recepients": null, "sms_count": 0, "groups": []}}, {"model": "sms.smsrequest", "pk": 25, "fields": {"created_at": "2020-02-10T10:18:28.167Z", "updated_at": "2020-02-10T10:18:28.167Z", "is_deleted": false, "company": 1, "message": "Blah blah", "recepients": null, "sms_count": 0, "groups": []}}, {"model": "sms.smsrequest", "pk": 26, "fields": {"created_at": "2020-02-10T10:22:31.263Z", "updated_at": "2020-02-10T10:22:31.263Z", "is_deleted": false, "company": 1, "message": "Blah blah", "recepients": null, "sms_count": 0, "groups": []}}, {"model": "sms.smsrequest", "pk": 27, "fields": {"created_at": "2020-02-19T12:19:50.172Z", "updated_at": "2020-04-06T18:41:55.015Z", "is_deleted": true, "company": 4, "message": "blah", "recepients": "[\"+254726406913\", \"+254726406928\", \"+254726406926\"]", "sms_count": 0, "groups": []}}, {"model": "sms.smsrequest", "pk": 28, "fields": {"created_at": "2020-02-19T12:20:23.383Z", "updated_at": "2020-02-19T12:20:23.383Z", "is_deleted": false, "company": 4, "message": "blah", "recepients": "[\"+254726406913\", \"+254726406928\", \"+254726406926\"]", "sms_count": 0, "groups": []}}, {"model": "sms.smsrequest", "pk": 29, "fields": {"created_at": "2020-02-19T12:45:23.118Z", "updated_at": "2020-02-19T12:45:23.118Z", "is_deleted": false, "company": 4, "message": "blah", "recepients": "[\"+254726406913\", \"+254726406928\", \"+254726406926\"]", "sms_count": 0, "groups": []}}, {"model": "sms.smsrequest", "pk": 30, "fields": {"created_at": "2020-02-19T12:46:21.850Z", "updated_at": "2020-02-19T12:46:21.850Z", "is_deleted": false, "company": 4, "message": "blah", "recepients": "[\"+254726406913\", \"+254726406928\", \"+254726406926\"]", "sms_count": 0, "groups": []}}, {"model": "sms.smsrequest", "pk": 31, "fields": {"created_at": "2020-02-19T12:47:50.551Z", "updated_at": "2020-02-19T12:47:50.551Z", "is_deleted": false, "company": 4, "message": "blah", "recepients": "[\"+254726406926\", \"+254726406913\", \"+254726406928\"]", "sms_count": 0, "groups": []}}, {"model": "sms.smsrequest", "pk": 32, "fields": {"created_at": "2020-02-19T12:48:17.179Z", "updated_at": "2020-02-19T12:48:17.179Z", "is_deleted": false, "company": 4, "message": "blah", "recepients": "[\"+254726406926\", \"+254726406913\", \"+254726406928\"]", "sms_count": 0, "groups": []}}, {"model": "sms.smsrequest", "pk": 33, "fields": {"created_at": "2020-02-19T12:48:38.010Z", "updated_at": "2020-02-19T12:48:38.010Z", "is_deleted": false, "company": 4, "message": "blah", "recepients": "[\"+254726406926\", \"+254726406928\"]", "sms_count": 0, "groups": []}}, {"model": "sms.smsrequest", "pk": 34, "fields": {"created_at": "2020-02-19T12:50:05.866Z", "updated_at": "2020-02-19T12:50:05.866Z", "is_deleted": false, "company": 4, "message": "blah", "recepients": "[\"+254726406926\", \"+254726406928\"]", "sms_count": 0, "groups": []}}, {"model": "sms.smsrequest", "pk": 35, "fields": {"created_at": "2020-02-19T12:54:05.392Z", "updated_at": "2020-02-19T12:54:05.392Z", "is_deleted": false, "company": 4, "message": "blah", "recepients": "[\"+254726406926\", \"+254726406928\"]", "sms_count": 0, "groups": []}}, {"model": "sms.smsrequest", "pk": 36, "fields": {"created_at": "2020-02-19T12:55:41.652Z", "updated_at": "2020-02-19T12:55:41.652Z", "is_deleted": false, "company": 4, "message": "blah", "recepients": "[\"+254726406928\", \"+254726406926\"]", "sms_count": 0, "groups": []}}, {"model": "sms.smsrequest", "pk": 37, "fields": {"created_at": "2020-02-19T12:58:26.851Z", "updated_at": "2020-02-19T12:58:26.851Z", "is_deleted": false, "company": 4, "message": "blah", "recepients": "[\"+254726406928\", \"+254726406926\"]", "sms_count": 0, "groups": []}}, {"model": "sms.smsrequest", "pk": 38, "fields": {"created_at": "2020-02-19T12:58:40.418Z", "updated_at": "2020-02-19T12:58:40.418Z", "is_deleted": false, "company": 4, "message": "blah", "recepients": "[\"+254726406928\", \"+254726406926\"]", "sms_count": 0, "groups": []}}, {"model": "sms.smsrequest", "pk": 39, "fields": {"created_at": "2020-02-19T15:49:13.690Z", "updated_at": "2020-02-19T15:49:13.690Z", "is_deleted": false, "company": 4, "message": "blah", "recepients": "[\"+254726406926\", \"+254726406928\"]", "sms_count": 0, "groups": []}}, {"model": "sms.smsrequest", "pk": 40, "fields": {"created_at": "2020-02-19T15:49:27.231Z", "updated_at": "2020-02-19T15:49:27.231Z", "is_deleted": false, "company": 4, "message": "juice", "recepients": "[\"+254726406926\", \"+254726406928\"]", "sms_count": 0, "groups": []}}, {"model": "sms.smsrequest", "pk": 41, "fields": {"created_at": "2020-02-19T16:35:39.822Z", "updated_at": "2020-02-19T16:35:39.822Z", "is_deleted": false, "company": 4, "message": "Hey qoola juice", "recepients": "[\"+254726406928\"]", "sms_count": 0, "groups": []}}, {"model": "sms.smsrequest", "pk": 42, "fields": {"created_at": "2020-02-19T16:35:40.007Z", "updated_at": "2020-02-19T16:35:40.007Z", "is_deleted": false, "company": 4, "message": "Hey keamby Hey qoola juice", "recepients": "[\"+254726406926\"]", "sms_count": 0, "groups": []}}, {"model": "sms.smsrequest", "pk": 43, "fields": {"created_at": "2020-02-19T16:40:54.097Z", "updated_at": "2020-02-19T16:40:54.097Z", "is_deleted": false, "company": 4, "message": "Hey qoola, juice", "recepients": "[\"+254726406928\"]", "sms_count": 0, "groups": []}}, {"model": "sms.smsrequest", "pk": 44, "fields": {"created_at": "2020-02-19T16:40:54.442Z", "updated_at": "2020-02-19T16:40:54.442Z", "is_deleted": false, "company": 4, "message": "Hey keamby, Hey qoola, juice", "recepients": "[\"+254726406926\"]", "sms_count": 0, "groups": []}}, {"model": "sms.smsrequest", "pk": 45, "fields": {"created_at": "2020-02-19T16:42:53.390Z", "updated_at": "2020-02-19T16:42:53.390Z", "is_deleted": false, "company": 4, "message": "Hey qoola, juice", "recepients": "[\"+254726406928\"]", "sms_count": 0, "groups": []}}, {"model": "sms.smsrequest", "pk": 46, "fields": {"created_at": "2020-02-19T16:42:53.397Z", "updated_at": "2020-02-19T16:42:53.397Z", "is_deleted": false, "company": 4, "message": "Hey keamby, Hey qoola, juice", "recepients": "[\"+254726406926\"]", "sms_count": 0, "groups": []}}, {"model": "sms.smsrequest", "pk": 47, "fields": {"created_at": "2020-02-19T16:45:29.767Z", "updated_at": "2020-02-19T16:45:29.767Z", "is_deleted": false, "company": 4, "message": "Hey Eminem, juice", "recepients": "[\"+254724056913\"]", "sms_count": 0, "groups": []}}, {"model": "sms.smsrequest", "pk": 48, "fields": {"created_at": "2020-02-19T16:45:29.839Z", "updated_at": "2020-02-19T16:45:29.839Z", "is_deleted": false, "company": 4, "message": "Hey qoola, Hey Eminem, juice", "recepients": "[\"+254726406928\"]", "sms_count": 0, "groups": []}}, {"model": "sms.smsrequest", "pk": 49, "fields": {"created_at": "2020-02-19T16:45:29.846Z", "updated_at": "2020-02-19T16:45:29.846Z", "is_deleted": false, "company": 4, "message": "Hey keamby, Hey qoola, Hey Eminem, juice", "recepients": "[\"+254726406926\"]", "sms_count": 0, "groups": []}}, {"model": "sms.smsrequest", "pk": 50, "fields": {"created_at": "2020-02-19T16:46:31.065Z", "updated_at": "2020-02-19T16:46:31.065Z", "is_deleted": false, "company": 4, "message": "Hey Eminem, juice", "recepients": "[\"+254724056913\"]", "sms_count": 0, "groups": []}}, {"model": "sms.smsrequest", "pk": 51, "fields": {"created_at": "2020-02-19T16:46:31.073Z", "updated_at": "2020-02-19T16:46:31.073Z", "is_deleted": false, "company": 4, "message": "Hey qoola, Hey Eminem, juice", "recepients": "[\"+254726406928\"]", "sms_count": 0, "groups": []}}, {"model": "sms.smsrequest", "pk": 52, "fields": {"created_at": "2020-02-19T16:46:31.078Z", "updated_at": "2020-02-19T16:46:31.078Z", "is_deleted": false, "company": 4, "message": "Hey keamby, Hey qoola, Hey Eminem, juice", "recepients": "[\"+254726406926\"]", "sms_count": 0, "groups": []}}, {"model": "sms.smsrequest", "pk": 53, "fields": {"created_at": "2020-02-19T17:05:50.430Z", "updated_at": "2020-02-19T17:05:50.430Z", "is_deleted": false, "company": 4, "message": "Hey Eminem, juice", "recepients": "[\"+254724056913\"]", "sms_count": 0, "groups": []}}, {"model": "sms.smsrequest", "pk": 54, "fields": {"created_at": "2020-02-19T17:05:50.454Z", "updated_at": "2020-02-19T17:05:50.454Z", "is_deleted": false, "company": 4, "message": "Hey qoola, Hey Eminem, juice", "recepients": "[\"+254726406928\"]", "sms_count": 0, "groups": []}}, {"model": "sms.smsrequest", "pk": 55, "fields": {"created_at": "2020-02-19T17:05:50.463Z", "updated_at": "2020-02-19T17:05:50.463Z", "is_deleted": false, "company": 4, "message": "Hey keamby, Hey qoola, Hey Eminem, juice", "recepients": "[\"+254726406926\"]", "sms_count": 0, "groups": []}}, {"model": "sms.smsrequest", "pk": 56, "fields": {"created_at": "2020-02-19T17:28:29.955Z", "updated_at": "2020-02-19T17:28:29.955Z", "is_deleted": false, "company": 4, "message": "juice", "recepients": "[\"+254724056913\", \"+254726406928\", \"+254726406926\"]", "sms_count": 0, "groups": []}}, {"model": "sms.smsrequest", "pk": 57, "fields": {"created_at": "2020-02-19T17:29:09.123Z", "updated_at": "2020-02-19T17:29:09.124Z", "is_deleted": false, "company": 4, "message": "juice", "recepients": "[\"+254724056913\", \"+254726406928\", \"+254726406926\"]", "sms_count": 0, "groups": []}}, {"model": "sms.smsrequest", "pk": 58, "fields": {"created_at": "2020-02-19T17:31:01.343Z", "updated_at": "2020-02-19T17:31:01.343Z", "is_deleted": false, "company": 4, "message": "juice", "recepients": "[\"+254724056913\", \"+254726406928\", \"+254726406926\"]", "sms_count": 0, "groups": []}}, {"model": "sms.smsrequest", "pk": 59, "fields": {"created_at": "2020-02-19T17:45:06.309Z", "updated_at": "2020-02-19T17:45:06.309Z", "is_deleted": false, "company": 4, "message": "juice", "recepients": "[\"+254724056913\", \"+254726406928\", \"+254726406926\"]", "sms_count": 0, "groups": []}}, {"model": "sms.smsrequest", "pk": 60, "fields": {"created_at": "2020-02-19T17:48:50.452Z", "updated_at": "2020-02-19T17:48:50.452Z", "is_deleted": false, "company": 4, "message": "juice", "recepients": "[\"+254724056913\", \"+254726406928\", \"+254726406926\"]", "sms_count": 0, "groups": []}}, {"model": "sms.smsrequest", "pk": 61, "fields": {"created_at": "2020-02-19T17:50:06.707Z", "updated_at": "2020-02-19T17:50:06.707Z", "is_deleted": false, "company": 4, "message": "juice", "recepients": "[\"+254724056913\", \"+254726406928\", \"+254726406926\"]", "sms_count": 0, "groups": []}}, {"model": "sms.smsrequest", "pk": 62, "fields": {"created_at": "2020-02-19T17:51:20.001Z", "updated_at": "2020-02-19T17:51:20.001Z", "is_deleted": false, "company": 4, "message": "juice", "recepients": "[\"+254724056913\", \"+254726406928\", \"+254726406926\"]", "sms_count": 0, "groups": []}}, {"model": "sms.smsrequest", "pk": 63, "fields": {"created_at": "2020-02-19T17:51:54.606Z", "updated_at": "2020-02-19T17:51:54.606Z", "is_deleted": false, "company": 4, "message": "juice", "recepients": "[\"+254724056913\", \"+254726406928\", \"+254726406926\"]", "sms_count": 0, "groups": []}}, {"model": "sms.smsrequest", "pk": 64, "fields": {"created_at": "2020-02-20T07:21:55.571Z", "updated_at": "2020-02-20T07:21:55.571Z", "is_deleted": false, "company": 4, "message": "juice", "recepients": "[\"+254724056913\", \"+254726406928\", \"+254726406926\"]", "sms_count": 0, "groups": []}}, {"model": "sms.smsrequest", "pk": 65, "fields": {"created_at": "2020-02-20T18:31:46.513Z", "updated_at": "2020-02-20T18:31:46.513Z", "is_deleted": false, "company": 4, "message": "juice", "recepients": "[\"+254724056913\", \"+254726406928\", \"+254726406926\"]", "sms_count": 0, "groups": []}}, {"model": "sms.smsrequest", "pk": 66, "fields": {"created_at": "2020-02-20T18:32:32.553Z", "updated_at": "2020-02-20T18:32:32.553Z", "is_deleted": false, "company": 4, "message": "juice", "recepients": "[\"+254724056913\", \"+254726406928\", \"+254726406926\"]", "sms_count": 0, "groups": []}}, {"model": "sms.smsrequest", "pk": 67, "fields": {"created_at": "2020-02-20T18:34:35.405Z", "updated_at": "2020-02-20T18:34:35.405Z", "is_deleted": false, "company": 4, "message": "juice", "recepients": "[\"+254724056913\", \"+254726406928\", \"+254726406926\"]", "sms_count": 0, "groups": []}}, {"model": "sms.smsrequest", "pk": 68, "fields": {"created_at": "2020-02-20T18:35:01.968Z", "updated_at": "2020-02-20T18:35:01.968Z", "is_deleted": false, "company": 4, "message": "juice", "recepients": "[\"+254724056913\", \"+254726406928\", \"+254726406926\"]", "sms_count": 0, "groups": []}}, {"model": "sms.smsrequest", "pk": 69, "fields": {"created_at": "2020-02-20T18:35:57.174Z", "updated_at": "2020-02-20T18:35:57.174Z", "is_deleted": false, "company": 4, "message": "juice", "recepients": "[\"+254724056913\", \"+254726406928\", \"+254726406926\"]", "sms_count": 0, "groups": []}}, {"model": "sms.smsrequest", "pk": 70, "fields": {"created_at": "2020-02-20T18:40:02.012Z", "updated_at": "2020-02-20T18:40:02.012Z", "is_deleted": false, "company": 4, "message": "juice", "recepients": "[\"+254724056913\", \"+254726406928\", \"+254726406926\"]", "sms_count": 0, "groups": []}}, {"model": "sms.smsrequest", "pk": 71, "fields": {"created_at": "2020-02-20T18:41:09.702Z", "updated_at": "2020-02-20T18:41:09.702Z", "is_deleted": false, "company": 4, "message": "juice", "recepients": "[\"+254724056913\", \"+254726406928\", \"+254726406926\"]", "sms_count": 0, "groups": []}}, {"model": "sms.smsrequest", "pk": 72, "fields": {"created_at": "2020-02-20T18:48:11.426Z", "updated_at": "2020-02-20T18:48:11.426Z", "is_deleted": false, "company": 4, "message": "juice", "recepients": "[\"+254724056913\", \"+254726406928\", \"+254726406926\"]", "sms_count": 0, "groups": []}}, {"model": "sms.smsrequest", "pk": 73, "fields": {"created_at": "2020-02-21T08:52:43.077Z", "updated_at": "2020-02-21T08:52:43.077Z", "is_deleted": false, "company": 4, "message": "juice", "recepients": "[\"+254724056913\", \"+254726406928\", \"+254726406926\"]", "sms_count": 0, "groups": []}}, {"model": "sms.smsrequest", "pk": 74, "fields": {"created_at": "2020-02-21T08:53:39.979Z", "updated_at": "2020-02-21T08:53:39.979Z", "is_deleted": false, "company": 4, "message": "juice", "recepients": "[\"+254724056913\", \"+254726406928\", \"+254726406926\"]", "sms_count": 0, "groups": []}}, {"model": "sms.smsrequest", "pk": 75, "fields": {"created_at": "2020-02-21T12:17:59.582Z", "updated_at": "2020-02-21T12:17:59.583Z", "is_deleted": false, "company": 4, "message": "juice man", "recepients": "[\"+254786158946\", \"+254726400928\", \"+254726406028\"]", "sms_count": 0, "groups": []}}, {"model": "sms.smsrequest", "pk": 76, "fields": {"created_at": "2020-02-21T12:18:36.233Z", "updated_at": "2020-02-21T12:18:36.233Z", "is_deleted": false, "company": 4, "message": "juice man", "recepients": "[\"+254786158946\", \"+254726400928\", \"+254726406028\"]", "sms_count": 0, "groups": []}}, {"model": "sms.smsrequest", "pk": 77, "fields": {"created_at": "2020-02-21T12:18:57.552Z", "updated_at": "2020-02-21T12:18:57.552Z", "is_deleted": false, "company": 4, "message": "soft search", "recepients": "[\"+254786158946\", \"+254726400928\", \"+254726406028\"]", "sms_count": 0, "groups": []}}, {"model": "sms.smsrequest", "pk": 78, "fields": {"created_at": "2020-02-21T12:21:41.503Z", "updated_at": "2020-02-21T12:21:41.503Z", "is_deleted": false, "company": 4, "message": "kuja mbio niko hapa stage", "recepients": "[\"+254786158946\", \"+254726400928\", \"+254726406028\", \"+254726400928\"]", "sms_count": 0, "groups": []}}, {"model": "sms.smsrequest", "pk": 79, "fields": {"created_at": "2020-02-21T12:22:46.293Z", "updated_at": "2020-02-21T12:22:46.293Z", "is_deleted": false, "company": 4, "message": "kuja mbio niko hapa stage", "recepients": "[\"+254786158946\", \"+254726400928\", \"+254726406028\", \"+254726400928\"]", "sms_count": 0, "groups": []}}, {"model": "sms.smsrequest", "pk": 80, "fields": {"created_at": "2020-02-21T12:24:10.613Z", "updated_at": "2020-02-21T12:24:10.614Z", "is_deleted": false, "company": 4, "message": "kuja mbio niko hapa stage", "recepients": "[\"+254786158946\", \"+254726400928\", \"+254726406028\", \"+254726400928\"]", "sms_count": 0, "groups": []}}, {"model": "sms.smsrequest", "pk": 81, "fields": {"created_at": "2020-02-21T12:24:41.692Z", "updated_at": "2020-02-21T12:24:41.692Z", "is_deleted": false, "company": 4, "message": "kuja mbio niko hapa stage", "recepients": "[\"+254786158946\", \"+254726400928\", \"+254726406028\", \"+254726400928\"]", "sms_count": 0, "groups": []}}, {"model": "sms.smsrequest", "pk": 82, "fields": {"created_at": "2020-02-21T12:25:02.040Z", "updated_at": "2020-02-21T12:25:02.040Z", "is_deleted": false, "company": 4, "message": "ooya", "recepients": "[\"+254786158946\", \"+254726400928\", \"+254726406028\", \"+254726400928\"]", "sms_count": 0, "groups": []}}, {"model": "sms.smsrequest", "pk": 83, "fields": {"created_at": "2020-02-25T12:51:26.584Z", "updated_at": "2020-02-25T12:51:26.584Z", "is_deleted": false, "company": 4, "message": "ooya", "recepients": "[\"+254726400928\", \"+254786158946\", \"+254726406028\"]", "sms_count": 0, "groups": []}}, {"model": "sms.smsrequest", "pk": 84, "fields": {"created_at": "2020-02-25T17:08:36.606Z", "updated_at": "2020-02-25T17:08:36.606Z", "is_deleted": false, "company": 4, "message": "ooya", "recepients": "[\"+254726400928\", \"+254786158946\", \"+254726406028\"]", "sms_count": 0, "groups": []}}, {"model": "sms.smsrequest", "pk": 85, "fields": {"created_at": "2020-02-25T17:08:45.272Z", "updated_at": "2020-02-25T17:08:45.272Z", "is_deleted": false, "company": 4, "message": "ooya", "recepients": "[\"+254726400928\", \"+254786158946\", \"+254726406028\"]", "sms_count": 0, "groups": []}}, {"model": "sms.smsrequest", "pk": 86, "fields": {"created_at": "2020-02-25T17:08:51.991Z", "updated_at": "2020-02-25T17:08:51.991Z", "is_deleted": false, "company": 4, "message": "ooya", "recepients": "[\"+254726400928\", \"+254786158946\", \"+254726406028\"]", "sms_count": 0, "groups": []}}, {"model": "sms.smsrequest", "pk": 87, "fields": {"created_at": "2020-02-25T17:09:33.885Z", "updated_at": "2020-02-25T17:09:33.885Z", "is_deleted": false, "company": 4, "message": "ooya", "recepients": "[\"+254726400928\", \"+254786158946\", \"+254726406028\"]", "sms_count": 0, "groups": []}}, {"model": "sms.smsrequest", "pk": 89, "fields": {"created_at": "2020-02-25T17:12:48.847Z", "updated_at": "2020-02-25T17:12:48.848Z", "is_deleted": false, "company": 4, "message": "ooya", "recepients": "[\"+254726400928\", \"+254786158946\", \"+254726406028\"]", "sms_count": 0, "groups": []}}, {"model": "sms.smsrequest", "pk": 90, "fields": {"created_at": "2020-02-25T17:13:03.371Z", "updated_at": "2020-02-25T17:13:03.371Z", "is_deleted": false, "company": 4, "message": "ooya", "recepients": "[\"+254726400928\", \"+254786158946\", \"+254726406028\"]", "sms_count": 0, "groups": []}}, {"model": "sms.smsrequest", "pk": 91, "fields": {"created_at": "2020-02-25T17:13:06.455Z", "updated_at": "2020-02-25T17:13:06.455Z", "is_deleted": false, "company": 4, "message": "ooya", "recepients": "[\"+254726400928\", \"+254786158946\", \"+254726406028\"]", "sms_count": 0, "groups": []}}, {"model": "sms.smsrequest", "pk": 92, "fields": {"created_at": "2020-02-25T17:13:09.134Z", "updated_at": "2020-02-25T17:13:09.135Z", "is_deleted": false, "company": 4, "message": "ooya", "recepients": "[\"+254726400928\", \"+254786158946\", \"+254726406028\"]", "sms_count": 0, "groups": []}}, {"model": "sms.smsrequest", "pk": 93, "fields": {"created_at": "2020-02-25T17:13:11.693Z", "updated_at": "2020-02-25T17:13:11.693Z", "is_deleted": false, "company": 4, "message": "ooya", "recepients": "[\"+254726400928\", \"+254786158946\", \"+254726406028\"]", "sms_count": 0, "groups": []}}, {"model": "sms.smsrequest", "pk": 94, "fields": {"created_at": "2020-02-25T17:13:14.370Z", "updated_at": "2020-02-25T17:13:14.370Z", "is_deleted": false, "company": 4, "message": "ooya", "recepients": "[\"+254726400928\", \"+254786158946\", \"+254726406028\"]", "sms_count": 0, "groups": []}}, {"model": "sms.smsrequest", "pk": 95, "fields": {"created_at": "2020-02-25T17:15:59.314Z", "updated_at": "2020-02-25T17:15:59.314Z", "is_deleted": false, "company": 4, "message": "ooya", "recepients": "[\"+254726400928\", \"+254786158946\", \"+254726406028\"]", "sms_count": 0, "groups": []}}, {"model": "sms.smsrequest", "pk": 96, "fields": {"created_at": "2020-02-25T17:17:20.173Z", "updated_at": "2020-02-25T17:17:20.173Z", "is_deleted": false, "company": 4, "message": "ooya", "recepients": "[\"+254786158946\", \"+254726406028\", \"+254726400928\"]", "sms_count": 0, "groups": []}}, {"model": "sms.smsrequest", "pk": 97, "fields": {"created_at": "2020-02-25T17:18:20.711Z", "updated_at": "2020-02-25T17:18:20.711Z", "is_deleted": false, "company": 4, "message": "ooya", "recepients": "[\"+254786158946\", \"+254726406028\", \"+254726400928\"]", "sms_count": 0, "groups": []}}, {"model": "sms.smsrequest", "pk": 98, "fields": {"created_at": "2020-02-25T17:19:05.003Z", "updated_at": "2020-02-25T17:19:05.003Z", "is_deleted": false, "company": 4, "message": "ooya", "recepients": "[\"+254786158946\", \"+254726406028\", \"+254726400928\"]", "sms_count": 0, "groups": []}}, {"model": "sms.smsrequest", "pk": 99, "fields": {"created_at": "2020-02-25T17:43:36.986Z", "updated_at": "2020-02-25T17:43:36.986Z", "is_deleted": false, "company": 4, "message": "ooya", "recepients": "[]", "sms_count": 0, "groups": []}}, {"model": "sms.smsrequest", "pk": 100, "fields": {"created_at": "2020-02-25T17:47:17.730Z", "updated_at": "2020-02-25T17:47:17.730Z", "is_deleted": false, "company": 4, "message": "ooya", "recepients": "[\"+254786158946\", \"+254726406028\", \"+254726400928\"]", "sms_count": 0, "groups": []}}, {"model": "sms.smsrequest", "pk": 101, "fields": {"created_at": "2020-02-25T17:53:12.357Z", "updated_at": "2020-02-25T17:53:12.357Z", "is_deleted": false, "company": 4, "message": "ooya", "recepients": "[\"+254786158946\", \"+254726406028\", \"+254726400928\"]", "sms_count": 0, "groups": []}}, {"model": "sms.smsrequest", "pk": 102, "fields": {"created_at": "2020-02-25T20:50:19.643Z", "updated_at": "2020-02-25T20:50:19.643Z", "is_deleted": false, "company": 4, "message": "ooya", "recepients": "[]", "sms_count": 0, "groups": []}}, {"model": "sms.smsrequest", "pk": 103, "fields": {"created_at": "2020-02-26T06:48:16.821Z", "updated_at": "2020-02-26T06:48:16.821Z", "is_deleted": false, "company": 4, "message": "ooya", "recepients": "[]", "sms_count": 0, "groups": []}}, {"model": "sms.smsrequest", "pk": 104, "fields": {"created_at": "2020-02-26T06:48:32.773Z", "updated_at": "2020-02-26T06:48:32.773Z", "is_deleted": false, "company": 4, "message": "ooya", "recepients": "[]", "sms_count": 0, "groups": []}}, {"model": "sms.smsrequest", "pk": 105, "fields": {"created_at": "2020-02-26T07:10:23.555Z", "updated_at": "2020-02-26T07:10:23.555Z", "is_deleted": false, "company": 4, "message": "ooya", "recepients": "[\"+254786158946\", \"+254726400928\"]", "sms_count": 0, "groups": []}}, {"model": "sms.smsrequest", "pk": 106, "fields": {"created_at": "2020-02-26T07:15:37.967Z", "updated_at": "2020-02-26T07:15:37.967Z", "is_deleted": false, "company": 4, "message": "ooya", "recepients": "[\"+254786158946\", \"+254726400928\"]", "sms_count": 0, "groups": []}}, {"model": "sms.smsrequest", "pk": 107, "fields": {"created_at": "2020-02-26T07:19:29.180Z", "updated_at": "2020-02-26T07:19:29.180Z", "is_deleted": false, "company": 4, "message": "ooya", "recepients": "[\"+254786158946\", \"+254726400928\"]", "sms_count": 0, "groups": []}}, {"model": "sms.smsrequest", "pk": 108, "fields": {"created_at": "2020-02-26T07:21:22.084Z", "updated_at": "2020-02-26T07:21:22.084Z", "is_deleted": false, "company": 4, "message": "ooya", "recepients": "[\"+254726400928\"]", "sms_count": 0, "groups": []}}, {"model": "sms.smsrequest", "pk": 109, "fields": {"created_at": "2020-02-26T08:00:20.101Z", "updated_at": "2020-02-26T08:00:20.101Z", "is_deleted": false, "company": 4, "message": "ooya", "recepients": "[\"+254786158946\", \"+254743324592\", \"+254726400928\"]", "sms_count": 0, "groups": []}}, {"model": "sms.smsrequest", "pk": 110, "fields": {"created_at": "2020-02-26T08:02:43.007Z", "updated_at": "2020-02-26T08:02:43.007Z", "is_deleted": false, "company": 4, "message": "ooya", "recepients": "[\"+254786158946\", \"+254743324592\", \"+254726400928\", \"+254726400928\"]", "sms_count": 0, "groups": []}}, {"model": "sms.smsrequest", "pk": 111, "fields": {"created_at": "2020-02-26T08:03:10.307Z", "updated_at": "2020-02-26T08:03:10.307Z", "is_deleted": false, "company": 4, "message": "ooya", "recepients": "[\"+254786158946\", \"+254743324592\", \"+254726400928\", \"+254726400928\"]", "sms_count": 0, "groups": []}}, {"model": "sms.smsrequest", "pk": 112, "fields": {"created_at": "2020-02-26T08:03:23.754Z", "updated_at": "2020-02-26T08:03:23.754Z", "is_deleted": false, "company": 4, "message": "ooya", "recepients": "[\"+254786158946\", \"+254743324592\", \"+254726400928\"]", "sms_count": 0, "groups": []}}, {"model": "sms.smsrequest", "pk": 113, "fields": {"created_at": "2020-02-26T08:28:31.962Z", "updated_at": "2020-02-26T08:28:31.963Z", "is_deleted": false, "company": 4, "message": "Blah blah", "recepients": "[\"+254726406922\"]", "sms_count": 1, "groups": []}}, {"model": "sms.smsrequest", "pk": 114, "fields": {"created_at": "2020-02-26T08:28:57.100Z", "updated_at": "2020-02-26T08:28:57.100Z", "is_deleted": false, "company": 4, "message": "Blah ccasmvckasmfvkmakofmvkoamvkfamavmkavmiwirqpwfkpowqkpsakc akfcmskamcksfmacksfac  ascdmasiodmciemciasmcdiamicmfisamciasciasv mfirwmfiwaspdcamcmdw blah", "recepients": "[\"+254726406922\"]", "sms_count": 1, "groups": []}}, {"model": "sms.smsrequest", "pk": 115, "fields": {"created_at": "2020-02-26T08:29:16.713Z", "updated_at": "2020-02-26T08:29:16.713Z", "is_deleted": false, "company": 4, "message": "Blah ccasmvckasmfvkmakofmvkoamvkfamavmkavmiwirqpwfkpowqkpsakcccasmvckasmfvkmakofmvkoamvkfamavmkavmiwirqpwfkpowqkpsakcccasmvckasmfvkmakofmvkoamvkfamavmkavmiwirqpwfkpowqkpsakc akfcmskamcksfmacksfac  ascdmasiodmciemciasmcdiamicmfisamciasciasv mfirwmfiwaspdcamcmdw blah", "recepients": "[\"+254726406922\"]", "sms_count": 2, "groups": []}}, {"model": "sms.smsrequest", "pk": 116, "fields": {"created_at": "2020-02-26T08:30:43.337Z", "updated_at": "2020-02-26T08:30:43.337Z", "is_deleted": false, "company": 4, "message": "Blah ccasmvckasmfvkmakofmvkoamvkfamavmkavmiwirqpwfkpowqkpsakcccasmvckasmfvkmakofmvkoamvkfamavmkavmiwirqpwfkpowqkpsakcccasmvckasmfvkmakofmvkoamvkfamavmkavmiwirqpwfkpowqkpsakc akfcmskamcksfmacksfac  ascdmasiodmciemciasmcdiamicmfisamciasciasv mfirwmfiwaspdcamcmdw blah", "recepients": "[\"+254726406922\", \"+254726406924\"]", "sms_count": 4, "groups": []}}, {"model": "sms.smsrequest", "pk": 117, "fields": {"created_at": "2020-02-26T08:35:11.221Z", "updated_at": "2020-02-26T08:35:11.221Z", "is_deleted": false, "company": 4, "message": "Blah ccasmvckasmfvkmakofmvkoamvkfamavmkavmiwirqpwfkpowqkpsakcccasmvckasmfvkmakofmvkoamvkfamavmkavmiwirqpwfkpowqkpsakcccasmvckasmfvkmakofmvkoamvkfamavmkavmiwirqpwfkpowqkpsakc akfcmskamcksfmacksfac  ascdmasiodmciemciasmcdiamicmfisamciasciasv mfirwmfiwaspdcamcmdw blah", "recepients": "[\"+254726406924\", \"+254726406922\"]", "sms_count": 4, "groups": []}}, {"model": "sms.smsrequest", "pk": 118, "fields": {"created_at": "2020-02-26T08:35:23.331Z", "updated_at": "2020-02-26T08:35:23.331Z", "is_deleted": false, "company": 4, "message": "ooya", "recepients": "[\"+254786158946\", \"+254743324592\", \"+254726400928\"]", "sms_count": 3, "groups": []}}, {"model": "sms.smsrequest", "pk": 119, "fields": {"created_at": "2020-02-26T08:55:34.195Z", "updated_at": "2020-02-26T08:55:34.195Z", "is_deleted": false, "company": 4, "message": "ooya", "recepients": "[\"+254786158946\", \"+254743324592\", \"+254726400928\"]", "sms_count": 3, "groups": []}}, {"model": "sms.smsrequest", "pk": 120, "fields": {"created_at": "2020-02-28T11:40:03.424Z", "updated_at": "2020-02-28T11:40:03.424Z", "is_deleted": false, "company": 4, "message": "Blah blah", "recepients": "[\"+254726406922\"]", "sms_count": 1, "groups": []}}, {"model": "sms.smsrequest", "pk": 121, "fields": {"created_at": "2020-02-28T11:40:16.576Z", "updated_at": "2020-02-28T11:40:16.576Z", "is_deleted": false, "company": 4, "message": "Blah blah", "recepients": "[\"+254726406922\"]", "sms_count": 1, "groups": []}}, {"model": "sms.smsrequest", "pk": 122, "fields": {"created_at": "2020-03-02T21:12:22.142Z", "updated_at": "2020-03-02T21:12:22.142Z", "is_deleted": false, "company": 4, "message": "Blah blah", "recepients": "[\"+254726406922\"]", "sms_count": 1, "groups": []}}, {"model": "sms.smsrequest", "pk": 123, "fields": {"created_at": "2020-03-02T21:12:34.313Z", "updated_at": "2020-03-02T21:12:34.314Z", "is_deleted": false, "company": 4, "message": "Blah blah", "recepients": "[\"+254726406922\"]", "sms_count": 1, "groups": []}}, {"model": "sms.smsrequest", "pk": 124, "fields": {"created_at": "2020-03-20T10:25:20.853Z", "updated_at": "2020-03-20T10:25:20.853Z", "is_deleted": false, "company": 4, "message": "juice", "recepients": "[\"+254786158946\", \"+254726400928\", \"+254743324592\"]", "sms_count": 3, "groups": []}}, {"model": "sms.smsrequest", "pk": 125, "fields": {"created_at": "2020-03-20T10:25:48.674Z", "updated_at": "2020-03-20T10:25:48.674Z", "is_deleted": false, "company": 4, "message": "juice", "recepients": "[\"+254786158946\", \"+254726400928\", \"+254743324592\"]", "sms_count": 3, "groups": []}}, {"model": "sms.smsrequest", "pk": 126, "fields": {"created_at": "2020-03-20T10:25:57.280Z", "updated_at": "2020-03-20T10:25:57.280Z", "is_deleted": false, "company": 4, "message": "juice", "recepients": "[\"+254786158946\", \"+254726400928\", \"+254743324592\"]", "sms_count": 3, "groups": []}}, {"model": "sms.smsrequest", "pk": 127, "fields": {"created_at": "2020-03-20T10:26:05.535Z", "updated_at": "2020-03-20T10:26:05.535Z", "is_deleted": false, "company": 4, "message": "juice", "recepients": "[\"+254786158946\", \"+254726400928\", \"+254743324592\"]", "sms_count": 3, "groups": []}}, {"model": "sms.smsrequest", "pk": 128, "fields": {"created_at": "2020-03-20T10:28:24.041Z", "updated_at": "2020-03-20T10:28:24.041Z", "is_deleted": false, "company": 4, "message": "juice", "recepients": "[\"+254726406926\", \"+254726406928\", \"+254726406913\"]", "sms_count": 3, "groups": []}}, {"model": "sms.smsrequest", "pk": 129, "fields": {"created_at": "2020-03-20T10:29:12.193Z", "updated_at": "2020-03-20T10:29:12.194Z", "is_deleted": false, "company": 4, "message": "juice", "recepients": "[\"+254726406926\", \"+254726406928\", \"+254726406913\"]", "sms_count": 3, "groups": []}}, {"model": "sms.smsrequest", "pk": 130, "fields": {"created_at": "2020-03-20T10:29:26.984Z", "updated_at": "2020-03-20T10:29:26.984Z", "is_deleted": false, "company": 4, "message": "juice", "recepients": "[\"+254726406926\", \"+254726406928\", \"+254726406913\"]", "sms_count": 3, "groups": []}}, {"model": "sms.smsrequest", "pk": 131, "fields": {"created_at": "2020-03-23T10:04:16.203Z", "updated_at": "2020-03-23T10:04:16.203Z", "is_deleted": false, "company": 4, "message": "juice", "recepients": "[\"+254726406913\", \"+254726406928\", \"+254726406926\"]", "sms_count": 3, "groups": []}}, {"model": "sms.smsrequest", "pk": 132, "fields": {"created_at": "2020-03-23T10:17:26.716Z", "updated_at": "2020-03-23T10:17:26.717Z", "is_deleted": false, "company": 4, "message": "juice", "recepients": "[\"+254726406928\", \"+254726406926\", \"+254726406913\"]", "sms_count": 3, "groups": []}}, {"model": "sms.smsrequest", "pk": 133, "fields": {"created_at": "2020-03-23T10:20:05.969Z", "updated_at": "2020-03-23T10:20:05.969Z", "is_deleted": false, "company": 4, "message": "juice", "recepients": "[\"+254726406928\", \"+254726406926\", \"+254726406913\"]", "sms_count": 3, "groups": []}}, {"model": "sms.smsrequest", "pk": 134, "fields": {"created_at": "2020-03-23T10:21:48.611Z", "updated_at": "2020-03-23T10:21:48.611Z", "is_deleted": false, "company": 4, "message": "juice", "recepients": "[\"+254726406913\", \"+254726406928\", \"+254726406926\"]", "sms_count": 3, "groups": []}}, {"model": "sms.smsrequest", "pk": 135, "fields": {"created_at": "2020-03-23T23:26:58.568Z", "updated_at": "2020-03-23T23:26:58.568Z", "is_deleted": false, "company": 4, "message": "juice", "recepients": "[\"+254726406928\", \"+254726406913\", \"+254726406926\"]", "sms_count": 3, "groups": []}}, {"model": "sms.smsrequest", "pk": 136, "fields": {"created_at": "2020-03-23T23:30:46.281Z", "updated_at": "2020-03-23T23:30:46.281Z", "is_deleted": false, "company": 4, "message": "juice", "recepients": "[\"+254726406928\", \"+254726406913\", \"+254726406926\"]", "sms_count": 3, "groups": []}}, {"model": "sms.smsrequest", "pk": 137, "fields": {"created_at": "2020-03-23T23:30:57.227Z", "updated_at": "2020-03-23T23:30:57.227Z", "is_deleted": false, "company": 4, "message": "juice", "recepients": "[\"+254726406928\", \"+254726406913\", \"+254726406926\"]", "sms_count": 3, "groups": []}}, {"model": "sms.smsrequest", "pk": 138, "fields": {"created_at": "2020-03-23T23:52:44.862Z", "updated_at": "2020-03-23T23:52:44.862Z", "is_deleted": false, "company": 4, "message": "juice", "recepients": "[\"+254726406928\", \"+254726406913\", \"+254726406926\"]", "sms_count": 3, "groups": []}}, {"model": "sms.smsrequest", "pk": 139, "fields": {"created_at": "2020-03-23T23:56:53.364Z", "updated_at": "2020-03-23T23:56:53.364Z", "is_deleted": false, "company": 4, "message": "juice", "recepients": "[\"+254726400928\", \"+254743324592\", \"+254786158946\"]", "sms_count": 3, "groups": []}}, {"model": "sms.smsrequest", "pk": 140, "fields": {"created_at": "2020-03-23T23:59:03.295Z", "updated_at": "2020-03-23T23:59:03.295Z", "is_deleted": false, "company": 4, "message": "juice", "recepients": "[\"+254743324592\", \"+254726400928\", \"+254786158946\"]", "sms_count": 3, "groups": []}}, {"model": "sms.smsrequest", "pk": 141, "fields": {"created_at": "2020-03-24T00:17:40.841Z", "updated_at": "2020-03-24T00:17:40.841Z", "is_deleted": false, "company": 4, "message": "juice", "recepients": "[\"+254786158946\", \"+254726400928\", \"+254743324592\"]", "sms_count": 3, "groups": []}}, {"model": "sms.smsrequest", "pk": 142, "fields": {"created_at": "2020-03-24T00:22:49.353Z", "updated_at": "2020-03-24T00:22:49.353Z", "is_deleted": false, "company": 4, "message": "juice", "recepients": "[\"+254786158946\", \"+254743324592\", \"+254726400928\"]", "sms_count": 3, "groups": []}}, {"model": "sms.smsrequest", "pk": 143, "fields": {"created_at": "2020-03-24T00:23:15.496Z", "updated_at": "2020-03-24T00:23:15.496Z", "is_deleted": false, "company": 4, "message": "juice", "recepients": "[\"+254743324592\", \"+254726400928\", \"+254786158946\"]", "sms_count": 3, "groups": []}}, {"model": "sms.smsrequest", "pk": 144, "fields": {"created_at": "2020-03-24T00:27:12.023Z", "updated_at": "2020-03-24T00:27:12.023Z", "is_deleted": false, "company": 4, "message": "juice", "recepients": "[\"+254743324592\", \"+254786158946\", \"+254726400928\"]", "sms_count": 3, "groups": []}}, {"model": "sms.emailrequest", "pk": 1, "fields": {"created_at": "2020-03-25T14:22:25.674Z", "updated_at": "2020-03-25T14:22:25.674Z", "is_deleted": false, "company": 4, "message": "Blah blah", "recepients": "[\"jratche@gmail.com\", \"jratcher@gmail.com\", \"jrate@gmail.com\", \"jra@gmail.com\", \"jatcher@gmail.com\"]", "email_count": 0, "subject": "hey", "groups": []}}, {"model": "sms.emailrequest", "pk": 2, "fields": {"created_at": "2020-03-25T14:24:49.448Z", "updated_at": "2020-03-25T14:24:49.448Z", "is_deleted": false, "company": 4, "message": "Blah blah", "recepients": "[\"jratche@gmail.com\", \"jratcher@gmail.com\", \"jrate@gmail.com\", \"jra@gmail.com\", \"jatcher@gmail.com\"]", "email_count": 0, "subject": "hey", "groups": []}}, {"model": "sms.emailrequest", "pk": 3, "fields": {"created_at": "2020-03-25T14:31:35.609Z", "updated_at": "2020-03-25T14:31:35.609Z", "is_deleted": false, "company": 4, "message": "Blah blah", "recepients": "[\"jatcher@gmail.com\", \"jratcher@gmail.com\", \"jra@gmail.com\", \"jratche@gmail.com\", \"jrate@gmail.com\"]", "email_count": 0, "subject": "hey", "groups": [1, 7]}}, {"model": "sms.emailrequest", "pk": 4, "fields": {"created_at": "2020-03-25T18:14:31.881Z", "updated_at": "2020-03-25T18:14:31.881Z", "is_deleted": false, "company": 4, "message": "Blah blah", "recepients": "[\"jatcher@gmail.com\", \"jratcher@gmail.com\", \"jra@gmail.com\", \"jratche@gmail.com\", \"jrate@gmail.com\"]", "email_count": 0, "subject": "hey", "groups": [1, 7]}}, {"model": "sms.emailrequest", "pk": 5, "fields": {"created_at": "2020-03-25T18:19:14.884Z", "updated_at": "2020-03-25T18:19:14.884Z", "is_deleted": false, "company": 1, "message": "Blah blah", "recepients": "[\"jratche@gmail.com\", \"jrate@gmail.com\", \"jra@gmail.com\", \"jatcher@gmail.com\", \"jratcher@gmail.com\"]", "email_count": 0, "subject": "hey", "groups": [1, 7]}}, {"model": "sms.emailrequest", "pk": 6, "fields": {"created_at": "2020-03-25T20:17:50.530Z", "updated_at": "2020-03-25T20:17:50.569Z", "is_deleted": false, "company": 4, "message": "Blah blah", "recepients": "[\"jra@gmail.com\", \"jratcher@gmail.com\", \"jatcher@gmail.com\", \"jratche@gmail.com\", \"jrate@gmail.com\"]", "email_count": 5, "subject": "hey", "groups": [1, 7]}}, {"model": "sms.emailrequest", "pk": 7, "fields": {"created_at": "2020-03-26T10:27:06.477Z", "updated_at": "2020-03-26T10:27:06.518Z", "is_deleted": false, "company": 4, "message": "Blah blah", "recepients": "[\"jra@gmail.com\", \"jrate@gmail.com\", \"jatcher@gmail.com\", \"jratcher@gmail.com\", \"jratche@gmail.com\"]", "email_count": 5, "subject": "hey", "groups": [1, 7]}}, {"model": "sms.emailrequest", "pk": 8, "fields": {"created_at": "2020-03-26T10:30:17.965Z", "updated_at": "2020-03-26T10:30:17.977Z", "is_deleted": false, "company": 4, "message": "Blah blah", "recepients": "[\"jra@gmail.com\", \"jrate@gmail.com\", \"jatcher@gmail.com\", \"jratcher@gmail.com\", \"jratche@gmail.com\"]", "email_count": 5, "subject": "hey", "groups": [1, 7]}}, {"model": "sms.emailrequest", "pk": 9, "fields": {"created_at": "2020-03-27T10:43:54.113Z", "updated_at": "2020-03-27T10:43:54.180Z", "is_deleted": false, "company": 4, "message": "Blah blah", "recepients": "[\"jratcher@gmail.com\", \"jrate@gmail.com\", \"jra@gmail.com\", \"jatcher@gmail.com\", \"jratche@gmail.com\"]", "email_count": 5, "subject": "hey", "groups": [1, 7]}}, {"model": "sms.emailrequest", "pk": 10, "fields": {"created_at": "2020-03-27T11:10:50.554Z", "updated_at": "2020-03-27T11:10:50.629Z", "is_deleted": false, "company": 4, "message": "Blah blah", "recepients": "[\"jratcher@gmail.com\", \"jrate@gmail.com\", \"jra@gmail.com\", \"jatcher@gmail.com\", \"jratche@gmail.com\"]", "email_count": 5, "subject": "hey", "groups": [1, 7]}}, {"model": "sms.emailrequest", "pk": 11, "fields": {"created_at": "2020-03-27T11:11:49.507Z", "updated_at": "2020-03-27T11:11:49.519Z", "is_deleted": false, "company": 4, "message": "Blah blah", "recepients": "[\"jratcher@gmail.com\", \"jrate@gmail.com\", \"jra@gmail.com\", \"jatcher@gmail.com\", \"jratche@gmail.com\"]", "email_count": 5, "subject": "hey", "groups": [1, 7]}}, {"model": "sms.emailrequest", "pk": 12, "fields": {"created_at": "2020-03-27T11:12:24.986Z", "updated_at": "2020-03-27T11:12:25Z", "is_deleted": false, "company": 4, "message": "Blah blah", "recepients": "[\"jratcher@gmail.com\", \"jrate@gmail.com\", \"jra@gmail.com\", \"jatcher@gmail.com\", \"jratche@gmail.com\"]", "email_count": 5, "subject": "hey", "groups": [1, 7]}}, {"model": "sms.smsgroup", "pk": 2, "fields": {"company": 1, "name": "jay", "description": null, "members": [2, 11, 12, 14, 20, 21, 33, 34, 35, 38, 39, 40, 61, 82, 99, 100, 101, 111]}}, {"model": "sms.smsgroup", "pk": 3, "fields": {"company": 1, "name": "customers", "description": null, "members": []}}, {"model": "sms.smsgroup", "pk": 4, "fields": {"company": 1, "name": "fell", "description": "group", "members": []}}, {"model": "sms.smsgroup", "pk": 5, "fields": {"company": 3, "name": "fell", "description": "group", "members": []}}, {"model": "sms.smsgroup", "pk": 10, "fields": {"company": 2, "name": "fell", "description": "group", "members": []}}, {"model": "sms.smsgroup", "pk": 17, "fields": {"company": 2, "name": "customers", "description": "group", "members": []}}, {"model": "sms.smsgroup", "pk": 18, "fields": {"company": 2, "name": "devs", "description": "group", "members": []}}, {"model": "sms.smsgroup", "pk": 19, "fields": {"company": 4, "name": "devs", "description": "group", "members": [51, 52, 53, 102, 103, 104, 106, 113]}}, {"model": "sms.smsgroup", "pk": 24, "fields": {"company": 4, "name": "alita", "description": "group", "members": [2]}}, {"model": "sms.emailgroup", "pk": 1, "fields": {"company": 4, "name": "devs", "description": "group", "members": [1, 3, 4, 5, 7]}}, {"model": "sms.emailgroup", "pk": 7, "fields": {"company": 4, "name": "jambo", "description": "group", "members": [3, 4, 5]}}, {"model": "sms.smstemplate", "pk": 2, "fields": {"company": 1, "name": null, "message": "Blah blah"}}, {"model": "sms.smstemplate", "pk": 3, "fields": {"company": 1, "name": "Tuskegu", "message": "Bleh"}}, {"model": "sms.smstemplate", "pk": 5, "fields": {"company": 1, "name": "Tuskegu", "message": "Blah blah"}}, {"model": "sms.smstemplate", "pk": 6, "fields": {"company": 1, "name": null, "message": "Blah blah"}}, {"model": "sms.smstemplate", "pk": 7, "fields": {"company": 1, "name": null, "message": "Blah blah"}}, {"model": "sms.smstemplate", "pk": 8, "fields": {"company": 1, "name": "Tuskegu", "message": "Bleh"}}, {"model": "sms.smstemplate", "pk": 10, "fields": {"company": 1, "name": "jsf", "message": "Blah blah"}}, {"model": "sms.smstemplate", "pk": 11, "fields": {"company": 1, "name": "jsf", "message": "Blr"}}, {"model": "sms.groupmember", "pk": 2, "fields": {"created_at": "2020-02-07T11:33:55.038Z", "updated_at": "2020-02-07T11:33:55.038Z", "is_deleted": false, "company": 1, "first_name": null, "last_name": null, "phone": "+254726406522"}}, {"model": "sms.groupmember", "pk": 6, "fields": {"created_at": "2020-02-14T10:57:19.511Z", "updated_at": "2020-02-14T10:57:19.511Z", "is_deleted": false, "company": 2, "first_name": null, "last_name": null, "phone": "+254728491262"}}, {"model": "sms.groupmember", "pk": 8, "fields": {"created_at": "2020-02-14T12:17:37.314Z", "updated_at": "2020-02-14T12:17:37.314Z", "is_deleted": false, "company": 2, "first_name": "Brian", "last_name": null, "phone": "+254728461262"}}, {"model": "sms.groupmember", "pk": 11, "fields": {"created_at": "2020-02-17T19:30:33.273Z", "updated_at": "2020-02-17T19:30:33.273Z", "is_deleted": false, "company": 1, "first_name": null, "last_name": null, "phone": "3"}}, {"model": "sms.groupmember", "pk": 12, "fields": {"created_at": "2020-02-17T19:30:37.459Z", "updated_at": "2020-02-17T19:30:37.459Z", "is_deleted": false, "company": 1, "first_name": null, "last_name": null, "phone": "45"}}, {"model": "sms.groupmember", "pk": 14, "fields": {"created_at": "2020-02-17T22:44:50.062Z", "updated_at": "2020-02-17T22:44:50.062Z", "is_deleted": false, "company": 1, "first_name": null, "last_name": null, "phone": "7134550000000.0"}}, {"model": "sms.groupmember", "pk": 20, "fields": {"created_at": "2020-02-18T07:49:56.709Z", "updated_at": "2020-02-18T07:49:56.709Z", "is_deleted": false, "company": 1, "first_name": "715421.0", "last_name": "fsd", "phone": "+254713455421"}}, {"model": "sms.groupmember", "pk": 21, "fields": {"created_at": "2020-02-18T07:50:44.364Z", "updated_at": "2020-02-18T07:50:44.364Z", "is_deleted": false, "company": 1, "first_name": "nan", "last_name": "sgra", "phone": "+254675"}}, {"model": "sms.groupmember", "pk": 33, "fields": {"created_at": "2020-02-18T10:28:21.879Z", "updated_at": "2020-02-18T10:28:21.879Z", "is_deleted": false, "company": 1, "first_name": "715421.0", "last_name": "fsd", "phone": "+254726406922"}}, {"model": "sms.groupmember", "pk": 34, "fields": {"created_at": "2020-02-18T10:30:53.778Z", "updated_at": "2020-02-18T10:30:53.778Z", "is_deleted": false, "company": 1, "first_name": "715421.0", "last_name": "fsd", "phone": "+254726406923"}}, {"model": "sms.groupmember", "pk": 35, "fields": {"created_at": "2020-02-18T10:30:53.787Z", "updated_at": "2020-02-18T10:30:53.787Z", "is_deleted": false, "company": 1, "first_name": "nan", "last_name": "sgra", "phone": "+254726406924"}}, {"model": "sms.groupmember", "pk": 38, "fields": {"created_at": "2020-02-18T10:32:08.639Z", "updated_at": "2020-02-18T10:32:08.639Z", "is_deleted": false, "company": 1, "first_name": "715421.0", "last_name": "fsd", "phone": "+254726406913"}}, {"model": "sms.groupmember", "pk": 39, "fields": {"created_at": "2020-02-18T10:32:08.649Z", "updated_at": "2020-02-18T10:32:08.649Z", "is_deleted": false, "company": 1, "first_name": "nan", "last_name": "sgra", "phone": "+254726406928"}}, {"model": "sms.groupmember", "pk": 40, "fields": {"created_at": "2020-02-18T10:32:08.655Z", "updated_at": "2020-02-18T10:32:08.655Z", "is_deleted": false, "company": 1, "first_name": "42421.0", "last_name": "abte", "phone": "+254726406926"}}, {"model": "sms.groupmember", "pk": 41, "fields": {"created_at": "2020-02-18T20:47:28.353Z", "updated_at": "2020-02-18T20:47:28.353Z", "is_deleted": false, "company": 4, "first_name": "Brian", "last_name": null, "phone": "+254728461262"}}, {"model": "sms.groupmember", "pk": 51, "fields": {"created_at": "2020-02-19T19:03:09.200Z", "updated_at": "2020-02-19T19:03:09.200Z", "is_deleted": false, "company": 4, "first_name": "715421.0", "last_name": "fsd", "phone": "+254726406913"}}, {"model": "sms.groupmember", "pk": 52, "fields": {"created_at": "2020-02-19T19:03:09.253Z", "updated_at": "2020-02-19T19:03:09.253Z", "is_deleted": false, "company": 4, "first_name": "nan", "last_name": "sgra", "phone": "+254726406928"}}, {"model": "sms.groupmember", "pk": 53, "fields": {"created_at": "2020-02-19T19:03:09.269Z", "updated_at": "2020-02-19T19:03:09.269Z", "is_deleted": false, "company": 4, "first_name": "42421.0", "last_name": "abte", "phone": "+254726406926"}}, {"model": "sms.groupmember", "pk": 54, "fields": {"created_at": "2020-02-19T19:03:46.495Z", "updated_at": "2020-02-19T19:03:46.495Z", "is_deleted": false, "company": 4, "first_name": "Eminem", "last_name": "fsd", "phone": "+254724056913"}}, {"model": "sms.groupmember", "pk": 61, "fields": {"created_at": "2020-02-19T19:13:35.846Z", "updated_at": "2020-02-19T19:13:35.847Z", "is_deleted": false, "company": 1, "first_name": "Eminem", "last_name": "fsd", "phone": "+254724056913"}}, {"model": "sms.groupmember", "pk": 82, "fields": {"created_at": "2020-02-20T09:06:14.512Z", "updated_at": "2020-02-20T09:06:14.512Z", "is_deleted": false, "company": 4, "first_name": "Brian", "last_name": null, "phone": "+254728460262"}}, {"model": "sms.groupmember", "pk": 99, "fields": {"created_at": "2020-02-21T12:03:42.569Z", "updated_at": "2020-02-21T12:03:42.569Z", "is_deleted": false, "company": 1, "first_name": "Keith", "last_name": "fsd", "phone": "+254786158946"}}, {"model": "sms.groupmember", "pk": 100, "fields": {"created_at": "2020-02-21T12:03:42.610Z", "updated_at": "2020-02-21T12:03:42.610Z", "is_deleted": false, "company": 1, "first_name": "Alex", "last_name": "sgra", "phone": "+254726400928"}}, {"model": "sms.groupmember", "pk": 101, "fields": {"created_at": "2020-02-21T12:03:42.648Z", "updated_at": "2020-02-21T12:03:42.648Z", "is_deleted": false, "company": 1, "first_name": "Abdi", "last_name": "abte", "phone": "+254726406028"}}, {"model": "sms.groupmember", "pk": 102, "fields": {"created_at": "2020-02-21T12:05:26.907Z", "updated_at": "2020-02-21T12:05:26.907Z", "is_deleted": false, "company": 4, "first_name": "Keith", "last_name": "fsd", "phone": "+254786158946"}}, {"model": "sms.groupmember", "pk": 103, "fields": {"created_at": "2020-02-21T12:05:26.934Z", "updated_at": "2020-02-21T12:05:26.935Z", "is_deleted": false, "company": 4, "first_name": "Alex", "last_name": "sgra", "phone": "+254726400928"}}, {"model": "sms.groupmember", "pk": 104, "fields": {"created_at": "2020-02-21T12:05:26.965Z", "updated_at": "2020-02-21T12:05:26.965Z", "is_deleted": false, "company": 4, "first_name": "Abdi", "last_name": "abte", "phone": "+254726406028"}}, {"model": "sms.groupmember", "pk": 106, "fields": {"created_at": "2020-02-21T12:28:28.541Z", "updated_at": "2020-02-21T12:28:28.541Z", "is_deleted": false, "company": 4, "first_name": "Mwas", "last_name": null, "phone": "+25472846035362"}}, {"model": "sms.groupmember", "pk": 111, "fields": {"created_at": "2020-03-19T21:34:26.120Z", "updated_at": "2020-03-19T21:34:26.120Z", "is_deleted": false, "company": 1, "first_name": "Alex", "last_name": "sgra", "phone": "+254743324592"}}, {"model": "sms.groupmember", "pk": 113, "fields": {"created_at": "2020-03-20T00:15:25.603Z", "updated_at": "2020-03-20T00:15:25.603Z", "is_deleted": false, "company": 4, "first_name": "Alex", "last_name": null, "phone": "+254743324592"}}, {"model": "sms.emailgroupmember", "pk": 1, "fields": {"created_at": "2020-03-19T11:21:26.342Z", "updated_at": "2020-03-19T11:21:26.342Z", "is_deleted": false, "company": 4, "first_name": "Brian", "last_name": null, "email": "jra@gmail.com"}}, {"model": "sms.emailgroupmember", "pk": 2, "fields": {"created_at": "2020-03-19T11:21:46.401Z", "updated_at": "2020-03-19T11:21:46.401Z", "is_deleted": false, "company": 4, "first_name": "Brian", "last_name": null, "email": "jrat@gmail.com"}}, {"model": "sms.emailgroupmember", "pk": 3, "fields": {"created_at": "2020-03-20T00:38:38.697Z", "updated_at": "2020-03-20T00:38:38.697Z", "is_deleted": false, "company": 4, "first_name": "Keith", "last_name": null, "email": "jratcher@gmail.com"}}, {"model": "sms.emailgroupmember", "pk": 4, "fields": {"created_at": "2020-03-20T00:38:39.381Z", "updated_at": "2020-03-20T00:38:39.381Z", "is_deleted": false, "company": 4, "first_name": "Alex", "last_name": null, "email": "jatcher@gmail.com"}}, {"model": "sms.emailgroupmember", "pk": 5, "fields": {"created_at": "2020-03-20T00:38:39.963Z", "updated_at": "2020-03-20T00:38:39.963Z", "is_deleted": false, "company": 4, "first_name": "Abdi", "last_name": null, "email": "jratche@gmail.com"}}, {"model": "sms.emailgroupmember", "pk": 7, "fields": {"created_at": "2020-03-20T10:47:03.401Z", "updated_at": "2020-03-20T10:47:03.401Z", "is_deleted": false, "company": 4, "first_name": "Brian", "last_name": null, "email": "jrate@gmail.com"}}, {"model": "payment.payment", "pk": 1, "fields": {"created_at": "2020-03-02T13:21:21.909Z", "updated_at": "2020-03-02T13:21:21.909Z", "is_deleted": false, "company": null, "result_code": 1032, "result_desc": "Request cancelled by user", "amount": null, "mpesa_receipt_number": null, "transaction_date": null, "phone_number": null}}, {"model": "payment.payment", "pk": 2, "fields": {"created_at": "2020-03-02T13:29:15.564Z", "updated_at": "2020-03-02T13:29:15.564Z", "is_deleted": false, "company": null, "result_code": 0, "result_desc": "The service request is processed successfully.", "amount": 1, "mpesa_receipt_number": "LK451H35OP", "transaction_date": "2017-11-04T18:49:44Z", "phone_number": "254727894083"}}, {"model": "payment.payment", "pk": 3, "fields": {"created_at": "2020-03-02T13:34:00.025Z", "updated_at": "2020-03-02T13:34:00.026Z", "is_deleted": false, "company": null, "result_code": 0, "result_desc": "The service request is processed successfully.", "amount": 1, "mpesa_receipt_number": "LK450H35OP", "transaction_date": "2017-11-04T18:49:44Z", "phone_number": "254727894083"}}, {"model": "payment.payment", "pk": 4, "fields": {"created_at": "2020-03-02T14:01:59.757Z", "updated_at": "2020-03-02T14:01:59.757Z", "is_deleted": false, "company": 4, "result_code": 0, "result_desc": "The service request is processed successfully.", "amount": 5, "mpesa_receipt_number": "OC29H3UYN7", "transaction_date": "2020-03-02T17:01:58Z", "phone_number": "254726406922"}}, {"model": "payment.payment", "pk": 5, "fields": {"created_at": "2020-03-02T14:02:58.383Z", "updated_at": "2020-03-02T14:02:58.384Z", "is_deleted": false, "company": null, "result_code": 1032, "result_desc": "Request cancelled by user", "amount": null, "mpesa_receipt_number": null, "transaction_date": null, "phone_number": null}}, {"model": "payment.payment", "pk": 6, "fields": {"created_at": "2020-03-02T14:07:06.313Z", "updated_at": "2020-03-02T14:07:06.313Z", "is_deleted": false, "company": 4, "result_code": 0, "result_desc": "The service request is processed successfully.", "amount": 1, "mpesa_receipt_number": "LK450H35OL", "transaction_date": "2017-11-04T18:49:44Z", "phone_number": "254726406922"}}, {"model": "payment.payment", "pk": 7, "fields": {"created_at": "2020-03-02T18:00:58.554Z", "updated_at": "2020-03-02T18:00:58.554Z", "is_deleted": false, "company": null, "result_code": 1037, "result_desc": "DS timeout.", "amount": null, "mpesa_receipt_number": null, "transaction_date": null, "phone_number": null}}, {"model": "payment.payment", "pk": 8, "fields": {"created_at": "2020-03-02T18:10:55.826Z", "updated_at": "2020-03-02T18:10:55.826Z", "is_deleted": false, "company": null, "result_code": 1037, "result_desc": "DS timeout.", "amount": null, "mpesa_receipt_number": null, "transaction_date": null, "phone_number": null}}, {"model": "payment.payment", "pk": 9, "fields": {"created_at": "2020-03-03T11:34:33.376Z", "updated_at": "2020-03-03T11:34:33.376Z", "is_deleted": false, "company": 4, "result_code": 0, "result_desc": "The service request is processed successfully.", "amount": 5, "mpesa_receipt_number": "OC36HUR3O0", "transaction_date": "2020-03-03T11:34:33Z", "phone_number": "254726406922"}}, {"model": "payment.payment", "pk": 10, "fields": {"created_at": "2020-03-03T11:36:17.591Z", "updated_at": "2020-03-03T11:36:17.591Z", "is_deleted": false, "company": 4, "result_code": 0, "result_desc": "The service request is processed successfully.", "amount": 5, "mpesa_receipt_number": "OC38HUT08Y", "transaction_date": "2020-03-03T11:36:17Z", "phone_number": "254726406922"}}, {"model": "payment.payment", "pk": 11, "fields": {"created_at": "2020-03-03T11:43:11.155Z", "updated_at": "2020-03-03T11:43:11.155Z", "is_deleted": false, "company": 4, "result_code": 0, "result_desc": "The service request is processed successfully.", "amount": 5, "mpesa_receipt_number": "OC39HV0FXX", "transaction_date": "2020-03-03T11:43:10Z", "phone_number": "254726406922"}}, {"model": "payment.payment", "pk": 12, "fields": {"created_at": "2020-03-06T13:16:33.242Z", "updated_at": "2020-03-06T13:16:33.242Z", "is_deleted": false, "company": null, "result_code": 1032, "result_desc": "Request cancelled by user", "amount": null, "mpesa_receipt_number": null, "transaction_date": null, "phone_number": null}}, {"model": "payment.payment", "pk": 13, "fields": {"created_at": "2020-03-06T13:33:38.326Z", "updated_at": "2020-03-06T13:33:38.326Z", "is_deleted": false, "company": 4, "result_code": 0, "result_desc": "The service request is processed successfully.", "amount": 9, "mpesa_receipt_number": "LK451H35OJ", "transaction_date": "2017-11-04T15:49:44Z", "phone_number": "254726406922"}}, {"model": "payment.payment", "pk": 14, "fields": {"created_at": "2020-03-06T13:34:47.870Z", "updated_at": "2020-03-06T13:34:47.870Z", "is_deleted": false, "company": 4, "result_code": 0, "result_desc": "The service request is processed successfully.", "amount": 9, "mpesa_receipt_number": "LK451H35OO", "transaction_date": "2017-11-04T15:49:44Z", "phone_number": "254726406922"}}, {"model": "payment.payment", "pk": 15, "fields": {"created_at": "2020-03-09T20:43:28.807Z", "updated_at": "2020-03-09T20:43:28.807Z", "is_deleted": false, "company": 4, "result_code": 0, "result_desc": "The service request is processed successfully.", "amount": 1, "mpesa_receipt_number": "LK451H35OD", "transaction_date": "2017-11-04T15:49:44Z", "phone_number": "254726406922"}}, {"model": "payment.payment", "pk": 16, "fields": {"created_at": "2020-03-09T21:20:37.489Z", "updated_at": "2020-03-09T21:20:37.489Z", "is_deleted": false, "company": 4, "result_code": 0, "result_desc": "The service request is processed successfully.", "amount": 1, "mpesa_receipt_number": "LK451H35OE", "transaction_date": "2017-11-04T15:49:44Z", "phone_number": "254726406922"}}, {"model": "payment.payment", "pk": 17, "fields": {"created_at": "2020-03-09T21:23:06.173Z", "updated_at": "2020-03-09T21:23:06.173Z", "is_deleted": false, "company": 4, "result_code": 0, "result_desc": "The service request is processed successfully.", "amount": 1, "mpesa_receipt_number": "LK451H35OQ", "transaction_date": "2017-11-04T15:49:44Z", "phone_number": "254726406922"}}, {"model": "payment.payment", "pk": 18, "fields": {"created_at": "2020-03-09T21:25:56.542Z", "updated_at": "2020-03-09T21:25:56.542Z", "is_deleted": false, "company": 4, "result_code": 0, "result_desc": "The service request is processed successfully.", "amount": 1, "mpesa_receipt_number": "LK451H35OC", "transaction_date": "2017-11-04T15:49:44Z", "phone_number": "254726406922"}}, {"model": "payment.payment", "pk": 19, "fields": {"created_at": "2020-03-09T21:40:47.106Z", "updated_at": "2020-03-09T21:40:47.106Z", "is_deleted": false, "company": 4, "result_code": 0, "result_desc": "The service request is processed successfully.", "amount": 1, "mpesa_receipt_number": "LK451H35iC", "transaction_date": "2017-11-04T15:49:44Z", "phone_number": "254726406922"}}, {"model": "payment.rechargeplan", "pk": 6, "fields": {"name": "15", "price_limit": 5, "rate": "0.30"}}, {"model": "payment.rechargerequest", "pk": 1, "fields": {"created_at": "2020-03-02T13:20:28.676Z", "updated_at": "2020-03-02T13:20:28.676Z", "is_deleted": false, "company": 4, "customer_number": "254726406922", "checkout_request_id": "ws_CO_020320201620260578", "response_code": "0", "completed": false}}, {"model": "payment.rechargerequest", "pk": 2, "fields": {"created_at": "2020-03-02T13:54:12.482Z", "updated_at": "2020-03-02T13:54:12.482Z", "is_deleted": false, "company": 4, "customer_number": "254726406922", "checkout_request_id": "ws_CO_020320201654134498", "response_code": "0", "completed": false}}, {"model": "payment.rechargerequest", "pk": 3, "fields": {"created_at": "2020-03-02T14:01:42.765Z", "updated_at": "2020-03-02T14:01:42.765Z", "is_deleted": false, "company": 4, "customer_number": "254726406922", "checkout_request_id": "ws_CO_020320201701401553", "response_code": "0", "completed": false}}, {"model": "payment.rechargerequest", "pk": 4, "fields": {"created_at": "2020-03-02T14:02:47.176Z", "updated_at": "2020-03-09T21:40:46.975Z", "is_deleted": false, "company": 4, "customer_number": "254726406922", "checkout_request_id": "ws_CO_020320201702445821", "response_code": "0", "completed": true}}, {"model": "payment.rechargerequest", "pk": 5, "fields": {"created_at": "2020-03-02T17:48:22.358Z", "updated_at": "2020-03-09T21:32:26.538Z", "is_deleted": false, "company": 4, "customer_number": "254726406922", "checkout_request_id": "ws_CO_020320202048201663", "response_code": "0", "completed": true}}, {"model": "payment.rechargerequest", "pk": 6, "fields": {"created_at": "2020-03-02T17:52:45.927Z", "updated_at": "2020-03-09T21:25:56.496Z", "is_deleted": false, "company": 4, "customer_number": "254726406922", "checkout_request_id": "ws_CO_020320202052437594", "response_code": "0", "completed": true}}, {"model": "payment.rechargerequest", "pk": 7, "fields": {"created_at": "2020-03-02T17:56:11.497Z", "updated_at": "2020-03-09T21:23:42.892Z", "is_deleted": false, "company": 4, "customer_number": "254726406922", "checkout_request_id": "ws_CO_020320202056093826", "response_code": "0", "completed": true}}, {"model": "payment.rechargerequest", "pk": 8, "fields": {"created_at": "2020-03-02T17:58:09.606Z", "updated_at": "2020-03-09T21:23:06.138Z", "is_deleted": false, "company": 4, "customer_number": "254726406922", "checkout_request_id": "ws_CO_020320202058075792", "response_code": "0", "completed": true}}, {"model": "payment.rechargerequest", "pk": 9, "fields": {"created_at": "2020-03-02T18:00:38.697Z", "updated_at": "2020-03-09T21:22:57.089Z", "is_deleted": false, "company": 4, "customer_number": "254726406922", "checkout_request_id": "ws_CO_020320202100365957", "response_code": "0", "completed": true}}, {"model": "payment.rechargerequest", "pk": 10, "fields": {"created_at": "2020-03-02T18:09:29.258Z", "updated_at": "2020-03-09T21:21:14.001Z", "is_deleted": false, "company": 4, "customer_number": "254726406922", "checkout_request_id": "ws_CO_020320202109311713", "response_code": "0", "completed": true}}, {"model": "payment.rechargerequest", "pk": 11, "fields": {"created_at": "2020-03-03T10:25:45.294Z", "updated_at": "2020-03-09T21:20:37.446Z", "is_deleted": false, "company": 4, "customer_number": "254726406922", "checkout_request_id": "ws_CO_030320201325434798", "response_code": "0", "completed": true}}, {"model": "payment.rechargerequest", "pk": 12, "fields": {"created_at": "2020-03-03T10:35:16.687Z", "updated_at": "2020-03-09T21:20:29.138Z", "is_deleted": false, "company": 4, "customer_number": "254726406922", "checkout_request_id": "ws_CO_030320201335151233", "response_code": "0", "completed": true}}, {"model": "payment.rechargerequest", "pk": 13, "fields": {"created_at": "2020-03-03T10:39:05.368Z", "updated_at": "2020-03-09T20:43:28.783Z", "is_deleted": false, "company": 4, "customer_number": "254726406922", "checkout_request_id": "ws_CO_030320201339069017", "response_code": "0", "completed": true}}, {"model": "payment.rechargerequest", "pk": 14, "fields": {"created_at": "2020-03-03T11:07:13.177Z", "updated_at": "2020-03-09T20:43:18.779Z", "is_deleted": false, "company": 4, "customer_number": "254726406922", "checkout_request_id": "ws_CO_030320201407148050", "response_code": "0", "completed": true}}, {"model": "payment.rechargerequest", "pk": 15, "fields": {"created_at": "2020-03-03T11:09:31.967Z", "updated_at": "2020-03-09T20:32:24.907Z", "is_deleted": false, "company": 4, "customer_number": "254726406922", "checkout_request_id": "ws_CO_030320201409335338", "response_code": "0", "completed": true}}, {"model": "payment.rechargerequest", "pk": 16, "fields": {"created_at": "2020-03-03T11:24:45.469Z", "updated_at": "2020-03-06T13:34:47.834Z", "is_deleted": false, "company": 4, "customer_number": "254726406922", "checkout_request_id": "ws_CO_030320201424471477", "response_code": "0", "completed": true}}, {"model": "payment.rechargerequest", "pk": 17, "fields": {"created_at": "2020-03-03T11:28:03.523Z", "updated_at": "2020-03-06T13:33:38.287Z", "is_deleted": false, "company": 4, "customer_number": "254726406922", "checkout_request_id": "ws_CO_030320201428017845", "response_code": "0", "completed": true}}, {"model": "payment.rechargerequest", "pk": 18, "fields": {"created_at": "2020-03-03T11:30:00.158Z", "updated_at": "2020-03-06T13:32:33.790Z", "is_deleted": false, "company": 4, "customer_number": "254726406922", "checkout_request_id": "ws_CO_030320201429583056", "response_code": "0", "completed": true}}, {"model": "payment.rechargerequest", "pk": 19, "fields": {"created_at": "2020-03-03T11:34:20.664Z", "updated_at": "2020-03-06T13:31:14.300Z", "is_deleted": false, "company": 4, "customer_number": "254726406922", "checkout_request_id": "ws_CO_030320201434223122", "response_code": "0", "completed": true}}, {"model": "payment.rechargerequest", "pk": 20, "fields": {"created_at": "2020-03-03T11:35:47.354Z", "updated_at": "2020-03-06T13:31:09.095Z", "is_deleted": false, "company": 4, "customer_number": "254726406922", "checkout_request_id": "ws_CO_030320201435456361", "response_code": "0", "completed": true}}, {"model": "payment.rechargerequest", "pk": 21, "fields": {"created_at": "2020-03-03T11:36:46.074Z", "updated_at": "2020-03-06T13:31:00.472Z", "is_deleted": false, "company": 4, "customer_number": "254726406922", "checkout_request_id": "ws_CO_030320201436476093", "response_code": "0", "completed": true}}, {"model": "payment.rechargerequest", "pk": 22, "fields": {"created_at": "2020-03-03T11:39:55.414Z", "updated_at": "2020-03-06T13:22:20.519Z", "is_deleted": false, "company": 4, "customer_number": "254726406922", "checkout_request_id": "ws_CO_030320201439568003", "response_code": "0", "completed": true}}, {"model": "payment.rechargerequest", "pk": 23, "fields": {"created_at": "2020-03-03T11:42:14.266Z", "updated_at": "2020-03-05T12:39:01.316Z", "is_deleted": false, "company": 4, "customer_number": "254726406922", "checkout_request_id": "ws_CO_030320201442158328", "response_code": "0", "completed": true}}, {"model": "payment.rechargerequest", "pk": 30, "fields": {"created_at": "2020-03-06T13:09:34.486Z", "updated_at": "2020-03-06T13:09:34.490Z", "is_deleted": false, "company": 4, "customer_number": "254706861955", "checkout_request_id": "ws_CO_060320201609326528", "response_code": "0", "completed": false}}, {"model": "payment.rechargerequest", "pk": 31, "fields": {"created_at": "2020-03-06T13:14:46.985Z", "updated_at": "2020-03-06T13:14:46.985Z", "is_deleted": false, "company": 4, "customer_number": "254706861955", "checkout_request_id": "ws_CO_060320201614451835", "response_code": "0", "completed": false}}, {"model": "payment.rechargerequest", "pk": 32, "fields": {"created_at": "2020-03-06T13:15:48.916Z", "updated_at": "2020-03-06T13:15:48.916Z", "is_deleted": false, "company": 4, "customer_number": "254706861955", "checkout_request_id": "ws_CO_060320201615470405", "response_code": "0", "completed": false}}, {"model": "payment.rechargerequest", "pk": 33, "fields": {"created_at": "2020-03-12T23:51:47.012Z", "updated_at": "2020-03-12T23:51:47.013Z", "is_deleted": false, "company": 4, "customer_number": "254706861955", "checkout_request_id": "ws_CO_130320200251466704", "response_code": "0", "completed": false}}, {"model": "payment.rechargerequest", "pk": 34, "fields": {"created_at": "2020-03-12T23:52:17.501Z", "updated_at": "2020-03-12T23:52:17.501Z", "is_deleted": false, "company": 4, "customer_number": "254726406922", "checkout_request_id": "ws_CO_130320200252188608", "response_code": "0", "completed": false}}]